-- ******************************** USERS ********************************

INSERT INTO stakeholders."Users" ("Id", "Username", "Password", "Role", "ProfilePicture", "IsActive") VALUES (-169, 'sima', '$2a$12$gHLoc9WrjCdW0xDPAfdm0.aceGyqJaSemsk107tO.tcxAmYWeohgO', 2, 'https://media.discordapp.net/attachments/605735235476520972/1175913776986460180/1700430082262.jpg', true);
INSERT INTO stakeholders."Users" ("Id", "Username", "Password", "Role", "ProfilePicture", "IsActive") VALUES (-170, 'somi', '$2a$12$2TY7aJLFJts01ny.UyRMU.1V7NNWCbplb1UUPEx/x/Ya8yXihtDrm', 1, 'https://cdn.discordapp.com/attachments/1165638888082124852/1173981466925994095/image.png', true);
INSERT INTO stakeholders."Users" ("Id", "Username", "Password", "Role", "ProfilePicture", "IsActive") VALUES (-171, 'brmbrm', '$2a$12$0W/JBzV6WiDLyP.mU5ECn.LHZoUm6o/A7P9/oybd4wZdc4sfAt90m', 2, 'https://cdn.discordapp.com/attachments/1165638888082124852/1174057297807409222/1699987465617.jpg?ex=65663510&is=6553c010&hm=9e7d8441134deebb3d03cd901b291eb2eabccb325c856ff7ead67a8e508d74d5&', true);
INSERT INTO stakeholders."Users" ("Id", "Username", "Password", "Role", "ProfilePicture", "IsActive") VALUES (-172, 'buki(k****)', '$2a$12$0W/JBzV6WiDLyP.mU5ECn.LHZoUm6o/A7P9/oybd4wZdc4sfAt90m', 2, 'https://cdn.discordapp.com/attachments/1165638888082124852/1174057297484451890/1699987465609.jpg?ex=65663510&is=6553c010&hm=76cd42499b60ee0eeb1d21c1d7268158c9f6369dcbf1f5152e6fa8d15fb4359e&', true);
INSERT INTO stakeholders."Users" ("Id", "Username", "Password", "Role", "ProfilePicture", "IsActive") VALUES (-1, 'dop', '$2a$12$l/cp/IIoC4pj1CeCK28rH.h01LOND0TfGaQCJnJJsxwIyfMRgZunq', 0, '', true);
INSERT INTO stakeholders."Users" ("Id", "Username", "Password", "Role", "ProfilePicture", "IsActive") VALUES (-2, 'markokrstic', '$2a$12$lYBkk9QFF9LBNhrfsDDDeed5XSpTfMwlQmkrMZL3dpzXN2as8dx/O', 1, 'https://imgs.search.brave.com/n8Gm53DmrCXkPu9d7FpTq1FLO8Nj00zDwzTlFac8HH4/rs:fit:860:0:0/g:ce/aHR0cHM6Ly9pbWcu/ZnJlZXBpay5jb20v/cHJlbWl1bS1waG90/by9oYW5kc29tZS10/b3VyaXN0LW1hbi1s/b29rLW1hcC13aGls/ZS1wb2ludGluZy1m/aW5nZXItZGlyZWN0/aW9uLWRlc3RpbmF0/aW9uLXRyYXZlbC1j/b25jZXBfNTY4NTQt/Mzk4NS5qcGc_c2l6/ZT02MjYmZXh0PWpw/Zw', true);
INSERT INTO stakeholders."Users" ("Id", "Username", "Password", "Role", "ProfilePicture", "IsActive") VALUES (-3, 'veljkonikolic', '$2a$12$DVn357kN0RhFGjVWFuWx7Oxd4sHrQ3oGEnJjkMdG1BhlNx7rPq3Fu', 2, 'https://cdn.discordapp.com/attachments/1086914779240730765/1196850387408408727/image.png?ex=65b920c8&is=65a6abc8&hm=0ebbcccbf330129f4268c6fa0f04384c8b150851b9b9a7a02cad89e3e77359a0&', true);
INSERT INTO stakeholders."Users" ("Id", "Username", "Password", "Role", "ProfilePicture", "IsActive") VALUES (-5, 'bosko', '$2y$10$BfKyogjaZczuKc/HuNm3Jeapm.4R5ycfcinL/ZwqTiSSFNXqREFjG', 2, 'https://imgs.search.brave.com/n8Gm53DmrCXkPu9d7FpTq1FLO8Nj00zDwzTlFac8HH4/rs:fit:860:0:0/g:ce/aHR0cHM6Ly9pbWcu/ZnJlZXBpay5jb20v/cHJlbWl1bS1waG90/by9oYW5kc29tZS10/b3VyaXN0LW1hbi1s/b29rLW1hcC13aGls/ZS1wb2ludGluZy1m/aW5nZXItZGlyZWN0/aW9uLWRlc3RpbmF0/aW9uLXRyYXZlbC1j/b25jZXBfNTY4NTQt/Mzk4NS5qcGc_c2l6/ZT02MjYmZXh0PWpw/Zw', true);
INSERT INTO stakeholders."Users" ("Id", "Username", "Password", "Role", "ProfilePicture", "IsActive") VALUES (-6, 'mile', '$2a$12$DVn357kN0RhFGjVWFuWx7Oxd4sHrQ3oGEnJjkMdG1BhlNx7rPq3Fu', 2, 'https://imgs.search.brave.com/n8Gm53DmrCXkPu9d7FpTq1FLO8Nj00zDwzTlFac8HH4/rs:fit:860:0:0/g:ce/aHR0cHM6Ly9pbWcu/ZnJlZXBpay5jb20v/cHJlbWl1bS1waG90/by9oYW5kc29tZS10/b3VyaXN0LW1hbi1s/b29rLW1hcC13aGls/ZS1wb2ludGluZy1m/aW5nZXItZGlyZWN0/aW9uLWRlc3RpbmF0/aW9uLXRyYXZlbC1j/b25jZXBfNTY4NTQt/Mzk4NS5qcGc_c2l6/ZT02MjYmZXh0PWpw/Zw', true);
INSERT INTO stakeholders."Users" ("Id", "Username", "Password", "Role", "ProfilePicture", "IsActive") VALUES (-7, 'zora', '$2a$12$DVn357kN0RhFGjVWFuWx7Oxd4sHrQ3oGEnJjkMdG1BhlNx7rPq3Fu', 2, 'https://imgs.search.brave.com/n8Gm53DmrCXkPu9d7FpTq1FLO8Nj00zDwzTlFac8HH4/rs:fit:860:0:0/g:ce/aHR0cHM6Ly9pbWcu/ZnJlZXBpay5jb20v/cHJlbWl1bS1waG90/by9oYW5kc29tZS10/b3VyaXN0LW1hbi1s/b29rLW1hcC13aGls/ZS1wb2ludGluZy1m/aW5nZXItZGlyZWN0/aW9uLWRlc3RpbmF0/aW9uLXRyYXZlbC1j/b25jZXBfNTY4NTQt/Mzk4NS5qcGc_c2l6/ZT02MjYmZXh0PWpw/Zw', true);
INSERT INTO stakeholders."Users" ("Id", "Username", "Password", "Role", "ProfilePicture", "IsActive") VALUES (-8, 'luka', '$2a$12$DVn357kN0RhFGjVWFuWx7Oxd4sHrQ3oGEnJjkMdG1BhlNx7rPq3Fu', 2, 'https://imgs.search.brave.com/n8Gm53DmrCXkPu9d7FpTq1FLO8Nj00zDwzTlFac8HH4/rs:fit:860:0:0/g:ce/aHR0cHM6Ly9pbWcu/ZnJlZXBpay5jb20v/cHJlbWl1bS1waG90/by9oYW5kc29tZS10/b3VyaXN0LW1hbi1s/b29rLW1hcC13aGls/ZS1wb2ludGluZy1m/aW5nZXItZGlyZWN0/aW9uLWRlc3RpbmF0/aW9uLXRyYXZlbC1j/b25jZXBfNTY4NTQt/Mzk4NS5qcGc_c2l6/ZT02MjYmZXh0PWpw/Zw', true);
INSERT INTO stakeholders."Users" ("Id", "Username", "Password", "Role", "ProfilePicture", "IsActive") VALUES (-177, 'ivana', '$2a$11$t5Fe8S5zcmPY4/UH9vap5ezn8xrzkSR5FeZsGIthFeO4loFULbyD6', 2, 'https://cdn.discordapp.com/attachments/1086914779240730765/1196852938539274260/ja.jpg?ex=65b92329&is=65a6ae29&hm=bd74e9a81fbb0a9b46f62834e1798945264ec1e8a5f1809616357b61fb0b0b0b&', true);
INSERT INTO stakeholders."Users" ("Id", "Username", "Password", "Role", "ProfilePicture", "IsActive") VALUES (-181, 'nina', '$2a$11$CF.ful/flMRkFwqArZzWMOjlr7EdhuSMgRPR0RUI3n3eITp93GhtW', 2, 'https://cdn.discordapp.com/attachments/1159788296004698155/1196847324962508821/Screenshot_20240116_170332_com.instagram.android.jpg?ex=65b91dee&is=65a6a8ee&hm=1590741aa2f901a30d932a148e22f1c0d0616fe0b8b161cce876570f6b8581c4&', true);
INSERT INTO stakeholders."Users" ("Id", "Username", "Password", "Role", "ProfilePicture", "IsActive") VALUES (-182, 'starijiBlizanac', '$2a$11$DYXZaSkd1hSXOAKVOYz3fO6H7G85ipyCqih23TdJ0BKB5R.2HUjUa', 2, 'https://cdn.discordapp.com/attachments/1151815941051650079/1196848146374983810/07f7483b-8aca-4c37-b4d9-e3d9163d3f42.png?ex=65b91eb2&is=65a6a9b2&hm=93b67264d808a71b93806e7723bb42d35bc69a68043d909db31378f0d2581225&', true);
INSERT INTO stakeholders."Users" ("Id", "Username", "Password", "Role", "ProfilePicture", "IsActive") VALUES (-180, 'uki', '$2a$11$4fzMQIdMRykHrQmclHaHBunAHjf3eeh96AWxaHoLHshWVQordhGvy', 2, 'https://cdn.discordapp.com/attachments/1086914779240730765/1196855098622611567/1705422810055.jpg?ex=65b9252c&is=65a6b02c&hm=30ba087b6a9016a280ae8c4718b22eb638cf534ce0186392f3fd424469b3b3e6&', true);
INSERT INTO stakeholders."Users" ("Id", "Username", "Password", "Role", "ProfilePicture", "IsActive") VALUES (-184, 'vukasin', '$2a$11$rkOn5waFhZbW/NDnDPsY4ui65RJBu79qk3Tj3Myxsv26zvLzbZiRa', 2, 'https://cdn.discordapp.com/attachments/1159788296004698155/1196850230570799164/received_2632939830328971.jpg?ex=65b920a3&is=65a6aba3&hm=a8d149c17c346cb1a7fca98d7c65849db094ed03b615b8c24b6e83d4571b1990&', true);
INSERT INTO stakeholders."Users" ("Id", "Username", "Password", "Role", "ProfilePicture", "IsActive") VALUES (-4, 'veljko', '$2y$10$2i4JzB5nXynZATPKSIE5k.R3rdXplw09TaD9d.bNaVg.xCqNM90nu', 2, 'https://cdn.discordapp.com/attachments/1086914779240730765/1196850387408408727/image.png?ex=65b920c8&is=65a6abc8&hm=0ebbcccbf330129f4268c6fa0f04384c8b150851b9b9a7a02cad89e3e77359a0&', true);
INSERT INTO stakeholders."Users" ("Id", "Username", "Password", "Role", "ProfilePicture", "IsActive") VALUES (-176, 'anja', '$2a$11$u3XBRX46uJEygiGeB0O1WuTxCIOckfQ2Q41cjbXBJ9Ti6vNaeRNc2', 2, 'https://cdn.discordapp.com/attachments/1086914779240730765/1196851712892350576/9f97cf7f-8c16-4455-beb3-2f57154fefad.png?ex=65b92204&is=65a6ad04&hm=db94760a05d5d6c030380f330004ebd94703bbc541974db5b5c627905c0a3fd4&', true);
INSERT INTO stakeholders."Users" ("Id", "Username", "Password", "Role", "ProfilePicture", "IsActive") VALUES (-173, 'bole', '$2a$11$eU6IxRYjKOQy0kVUCrx5ieTSD0Hk124ql3usdxI.bWP3T1RpldmR.', 2, 'https://cdn.discordapp.com/attachments/1159788296004698156/1189714014645780551/image.png?ex=65b19f84&is=659f2a84&hm=a6979013fe3eb6fea4028538e1bd0b67113745a11120bdd605f04fb428862fee&', true);
INSERT INTO stakeholders."Users" ("Id", "Username", "Password", "Role", "ProfilePicture", "IsActive") VALUES (-174, 'ceki', '$2a$11$OZzqEpGWiB9WOu6sCQqaK.mQj/K/NZTBKzmDCgM2pd.a5uT18pSpO', 2, 'https://cdn.discordapp.com/attachments/1086914779240730765/1196915790344114337/image.png?ex=65b95db2&is=65a6e8b2&hm=c7dd9aa45c4f9242158f7e361a2fd2b37d706a175f9339b1d4b28d678843de2d&', true);
INSERT INTO stakeholders."Users" ("Id", "Username", "Password", "Role", "ProfilePicture", "IsActive") VALUES (-178, 'kurbanov', '$2a$11$JYPZHd1GC/hQyDRoziRZkeRUngvXzRPkxquRHdffQvBPvBbYFBd32', 2, 'https://cdn.discordapp.com/attachments/1086914779240730765/1196867400151347340/image.png?ex=65b930a0&is=65a6bba0&hm=9e4ef902721294404e416bb2618780825e7300801fc6e1ac1c9d6b3f8f1af0ee&', true);
INSERT INTO stakeholders."Users" ("Id", "Username", "Password", "Role", "ProfilePicture", "IsActive") VALUES (-175, 'gadni', '$2a$11$by2RtkbrDkwvUsVBKd/wEOYH0FWsALKOPESNVSxDSN33xFZwnnf4C', 2, 'https://cdn.discordapp.com/attachments/1086914779240730765/1196916104237432842/image.png?ex=65b95dfc&is=65a6e8fc&hm=1e2674d8352c0ccf52835f1babad5064b12c13eae534e7d8c53a81dbfe5e2fc3&', true);
INSERT INTO stakeholders."Users" ("Id", "Username", "Password", "Role", "ProfilePicture", "IsActive") VALUES (-179, 'jelena', '$2a$11$uxcxIDHzMCLXP6ZYWiImrOAKEljoGeqfZ7FqfCAjv5SRkhTRK7wH2', 2, 'https://cdn.discordapp.com/attachments/1166447181595693136/1196866247401406626/WhatsApp_Image_2024-01-15_at_20.58.14.jpeg?ex=65b92f8e&is=65a6ba8e&hm=43a9d5f85eb75a5c1996f9ac8d68651a2bab9fdd177b4ad2e9db6a60f630ea42&', true);
INSERT INTO stakeholders."Users" ("Id", "Username", "Password", "Role", "ProfilePicture", "IsActive") VALUES (-183, 'veco', '$2a$11$Uvq9WgjS/b7GlkTfRoMEueDNbevN2.1/TAll7/tBaimIROY5eOKj.', 2, 'https://cdn.discordapp.com/attachments/1086914779240730765/1196916456819019827/image.png?ex=65b95e50&is=65a6e950&hm=f52eaf2918ab87e00fa9d35c6339502f90499da501a12195c39de65b3a711978&', true);
INSERT INTO stakeholders."Users" ("Id", "Username", "Password", "Role", "ProfilePicture", "IsActive") VALUES (-168, 'dragan', '$2a$12$wK5oRUsOmY.QZB2aNUTNweKfI3ZdYfxy8iAMcMEpa.pbaLvTXX70W', 2, 'https://cdn.discordapp.com/attachments/1086914779240730765/1196918130459545680/image.png?ex=65b95fdf&is=65a6eadf&hm=00c8a140c826a441aec8942037b89083dcc0d1943ffda4e2572404e0045a6fb0&', true);



-- ***************** WALLETS **********************

INSERT INTO payments."Wallets"(
	"Id", "TouristId", "AdventureCoin")
	VALUES
		(-1, -3, 10000);

INSERT INTO payments."Wallets"(
	"Id", "TouristId", "AdventureCoin")
	VALUES
		(-2, -169, 10000);

-- ******************************** PEOPLE ********************************

INSERT INTO stakeholders."People" ("Id", "UserId", "Name", "Surname", "Email", "Bio", "Motto") VALUES (-169, -169, 'Filip', 'Simic', 'fsimic346@gmail.com', NULL, 'Brt, guglaj o.0');
INSERT INTO stakeholders."People" ("Id", "UserId", "Name", "Surname", "Email", "Bio", "Motto") VALUES (-171, -171, 'Vlada', 'Devic', 'brmbrm@gmail.com', NULL, NULL);
INSERT INTO stakeholders."People" ("Id", "UserId", "Name", "Surname", "Email", "Bio", "Motto") VALUES (-172, -172, 'Mihajlo', 'Bukarica', 'buki@gmail.com', NULL, NULL);
INSERT INTO stakeholders."People" ("Id", "UserId", "Name", "Surname", "Email", "Bio", "Motto") VALUES (-1, -2, 'John', 'Johnson', 'author@gmail.com', 'I love making tours.', 'Never give up.');
INSERT INTO stakeholders."People" ("Id", "UserId", "Name", "Surname", "Email", "Bio", "Motto") VALUES (-2, -4, 'Charles', 'Smith', 'nikolicveljko01@gmail.com', 'I love tours.', 'Stay strong.');
INSERT INTO stakeholders."People" ("Id", "UserId", "Name", "Surname", "Email", "Bio", "Motto") VALUES (-4, -5, 'Boško', 'Kulušić', 'kulusicbosko@gmail.com', 'I love tours.', 'Stay strong.');
INSERT INTO stakeholders."People" ("Id", "UserId", "Name", "Surname", "Email", "Bio", "Motto") VALUES (-5, -6, 'Mile', 'Kitic', 'mile@gmail.com', 'I love tours.', 'Stay strong.');
INSERT INTO stakeholders."People" ("Id", "UserId", "Name", "Surname", "Email", "Bio", "Motto") VALUES (-6, -7, 'Zora', 'Belic', 'zore@gmail.com', 'I love tours.', 'Stay strong.');
INSERT INTO stakeholders."People" ("Id", "UserId", "Name", "Surname", "Email", "Bio", "Motto") VALUES (-7, -8, 'Lukas', 'Bale', 'nikola3444@gmail.com', 'I love tours.', 'Stay strong.');
INSERT INTO stakeholders."People" ("Id", "UserId", "Name", "Surname", "Email", "Bio", "Motto") VALUES (-173, -173, 'Boško', 'Kulušić', 'bk@gmail.com', 'Follow the life of Boško Kulušić, an art historian turned world traveler. From the Louvre to the ancient temples of Kyoto, Boško''s passion for culture and history shapes her unique journey.', 'Immerse in cultures, connect through differences.');
INSERT INTO stakeholders."People" ("Id", "UserId", "Name", "Surname", "Email", "Bio", "Motto") VALUES (-3, -3, 'Veljko', 'Nikolić', 'nikolicveljko01@gmail.com', 'Meet Veljko Nikolić, a free spirit who''s traded stability for a life on the road. From the deserts of Morocco to the jungles of Southeast Asia, Veljko''s journey is a tapestry of cultures and landscapes', 'Stay strong.');
INSERT INTO stakeholders."People" ("Id", "UserId", "Name", "Surname", "Email", "Bio", "Motto") VALUES (-183, -183, 'Velimir', 'Milinković', 'veco@gmail.com', NULL, NULL);
INSERT INTO stakeholders."People" ("Id", "UserId", "Name", "Surname", "Email", "Bio", "Motto") VALUES (-182, -182, 'Marko', 'Nikolić', 'starijiblizanac@gmail.com', 'Follow Marko Nikolić on her spiritual quest, seeking enlightenment in sacred places around the world. Her biography is a soul-stirring narrative of self-discovery and mindful travel.', 'Get lost in city lights');
INSERT INTO stakeholders."People" ("Id", "UserId", "Name", "Surname", "Email", "Bio", "Motto") VALUES (-181, -181, 'Nina', 'Kuzminac', 'nina@gmail.com', 'Enter the glamorous world of Nina Kuzminac, a high-flying businesswoman who knows how to travel in style. From luxury resorts to private yachts, Nina''s life is a lavish odyssey of opulence.', 'Chase sunsets and let the waves be your melody');
INSERT INTO stakeholders."People" ("Id", "UserId", "Name", "Surname", "Email", "Bio", "Motto") VALUES (-180, -180, 'Uroš', 'Nikolovski', 'uki@gmail.com', 'Strap in with Max Thrillseeker, an adrenaline junkie who chases adventure in the world''s most extreme environments. From skydiving over the Swiss Alps to surfing in Hawaii, Max''s biography is an exhilarating ride', 'Nurture your soul, rejuvenate your spirit, and find serenity on the road');
INSERT INTO stakeholders."People" ("Id", "UserId", "Name", "Surname", "Email", "Bio", "Motto") VALUES (-179, -179, 'Jelena', 'Kovač', 'jelena@gmail.com', NULL, NULL);
INSERT INTO stakeholders."People" ("Id", "UserId", "Name", "Surname", "Email", "Bio", "Motto") VALUES (-168, -168, 'Dragoslav', 'Maslać', 'gagi@gmail.com', 'Meet Dragoslav Maslać, a free spirit who''s traded stability for a life on the road. From the deserts of Morocco to the jungles of Southeast Asia, Dragoslav''s journey is a tapestry of cultures and landscapes', NULL);
INSERT INTO stakeholders."People" ("Id", "UserId", "Name", "Surname", "Email", "Bio", "Motto") VALUES (-184, -184, 'Vukašin', 'Dokmanović', 'dokma@gmail.com', 'Join Vukašin Dokmanović as he embraces the slow travel movement, savoring every moment and connection on his journey. His biography is a reflection of the beauty found in taking the scenic route through life.', 'Nurture your soul, rejuvenate your spirit, and find serenity on the road.');
INSERT INTO stakeholders."People" ("Id", "UserId", "Name", "Surname", "Email", "Bio", "Motto") VALUES (-178, -178, 'Ivan', 'Partalo', 'kurbanov@gmail.com', 'Dive into the life of Ivan Partalo, an archaeologist who travels through time to uncover the mysteries of ancient civilizations. His journey unfolds as a thrilling historical quest across continents', 'Nurture your soul, rejuvenate your spirit, and find serenity on the road');
INSERT INTO stakeholders."People" ("Id", "UserId", "Name", "Surname", "Email", "Bio", "Motto") VALUES (-177, -177, 'Ivana', 'Kovačević', 'ivana@gmail.com', 'Join Ivana Kovačević, an environmentalist backpacker, on her quest to explore the world while minimizing her ecological footprint. Her story is one of sustainable travel, conservation efforts, and a deep connection with nature.', 'Capture moments, tell tales: a visual journey of a thousand memories');
INSERT INTO stakeholders."People" ("Id", "UserId", "Name", "Surname", "Email", "Bio", "Motto") VALUES (-176, -176, 'Anja', 'Dučić', 'anja@gmail.com', 'Dive into the life of Anja Dučić, an archaeologist who travels through time to uncover the mysteries of ancient civilizations. Her journey unfolds as a thrilling historical quest across continents.', 'Wander through the past, where every step tells a story');
INSERT INTO stakeholders."People" ("Id", "UserId", "Name", "Surname", "Email", "Bio", "Motto") VALUES (-174, -174, 'Marko', 'Čekerinac', 'ceki@gmail.com', 'Marko Cekerinac, an environmentalist backpacker, on his quest to explore the world while minimizing his ecological footprint.', 'Explore the world''s wonders, one breathtaking view at a time');
INSERT INTO stakeholders."People" ("Id", "UserId", "Name", "Surname", "Email", "Bio", "Motto") VALUES (-175, -175, 'Marko', 'Krstić', 'gadni@gmail.com', 'Indulge in the culinary escapades of Marko Krstić, a globetrotting chef in search of the world''s most tantalizing flavors. His biography is a savory tale of gastronomic delights and international culinary adventures.', 'Savor the flavors, one dish at a time');
INSERT INTO stakeholders."People" ("Id", "UserId", "Name", "Surname", "Email", "Bio", "Motto") VALUES (-170, -170, 'Miloš', 'Milutinović', 'milosmilutinovicg@gmail.com', NULL, NULL);



-- ******************************** TOURS ********************************

INSERT INTO tours."Tours" ("Id", "AuthorId", "Name", "Description", "Difficulty", "Tags", "Status", "Price", "IsDeleted", "Distance", "PublishDate", "ArchiveDate", "Durations", "Category") 
VALUES (-201, -2, 'Obilazak Fruske Gore', 'Uzbudljiv i nezaboravan dan u prirodi', 3, '{Nature,Activity}', 1, 160, false, 1.87, '2024-01-16 18:04:28.334426+01', '-infinity', '[{"Duration": 76, "TransportType": 0}]', 0);
INSERT INTO tours."Tours" ("Id", "AuthorId", "Name", "Description", "Difficulty", "Tags", "Status", "Price", "IsDeleted", "Distance", "PublishDate", "ArchiveDate", "Durations", "Category") 
VALUES (-202, -2, 'Šetnja kejom', 'Provedite poslepodne uz Dunav', 1, '{River,Activity}', 1, 90, false, 4.06, '2024-01-16 18:11:07.989305+01', '-infinity', '[{"Duration": 113, "TransportType": 0}]', 0);
INSERT INTO tours."Tours" ("Id", "AuthorId", "Name", "Description", "Difficulty", "Tags", "Status", "Price", "IsDeleted", "Distance", "PublishDate", "ArchiveDate", "Durations", "Category") 
VALUES (-203, -2, 'Aktivnosti po Novom Sadu', 'Uzbudljive grupne aktivnosti', 4, '{Fun,Activity}', 1, 150, false, 7.49, '2024-01-16 18:19:18.498575+01', '-infinity', '[{"Duration": 155, "TransportType": 0}, {"Duration": 52, "TransportType": 1}, {"Duration": 39, "TransportType": 2}]', 0);
INSERT INTO tours."Tours" ("Id", "AuthorId", "Name", "Description", "Difficulty", "Tags", "Status", "Price", "IsDeleted", "Distance", "PublishDate", "ArchiveDate", "Durations", "Category") 
VALUES (-204, -2, 'Vožnja bicikla Fruškom', 'Provozajte se kroz šumovite staze Fruške Gore', 5, '{Bicycle,Forest}', 1, 200, false, 9.81, '2024-01-16 18:30:33.003981+01', '-infinity', '[{"Duration": 74, "TransportType": 1}]', 0);
INSERT INTO tours."Tours" ("Id", "AuthorId", "Name", "Description", "Difficulty", "Tags", "Status", "Price", "IsDeleted", "Distance", "PublishDate", "ArchiveDate", "Durations", "Category") 
VALUES (-205, -2, 'Brzinska tura', 'Potrčite!', 5, '{Running,Activity}', 1, 70, false, 3.43, '2024-01-16 18:36:23.378412+01', '-infinity', '[{"Duration": 102, "TransportType": 0}]', 0);
INSERT INTO tours."Tours" ("Id", "AuthorId", "Name", "Description", "Difficulty", "Tags", "Status", "Price", "IsDeleted", "Distance", "PublishDate", "ArchiveDate", "Durations", "Category") 
VALUES (-206, -2, 'Dugačka šetnja Novim Sadom', 'Protegnite noge po Novom Sadu', 2, '{Activity}', 1, 120, false, 4.97, '2024-01-16 18:47:45.480877+01', '-infinity', '[{"Duration": 143, "TransportType": 0}]', 0);
INSERT INTO tours."Tours" ("Id", "AuthorId", "Name", "Description", "Difficulty", "Tags", "Status", "Price", "IsDeleted", "Distance", "PublishDate", "ArchiveDate", "Durations", "Category") 
VALUES (-105, -2, 'Obilazak centra', 'Obilazak najpoznatijeg dela Novog Sada', 2, '{miletic,jjzmaj,dunavski}', 1, 50, false, 0.77, '2024-01-16 17:43:49.837559+01', '-infinity', '[{"Duration": 58, "TransportType": 0}]', 1);
INSERT INTO tours."Tours" ("Id", "AuthorId", "Name", "Description", "Difficulty", "Tags", "Status", "Price", "IsDeleted", "Distance", "PublishDate", "ArchiveDate", "Durations", "Category") 
VALUES (-106, -2, 'Obilazak parkova', 'Obilazak najlepsih delova prirode Novog Sada', 4, '{limanski,dunavski,futoski}', 1, 120, false, 4.33, '2024-01-16 17:50:07.790008+01', '-infinity', '[{"Duration": 117, "TransportType": 0}, {"Duration": 58, "TransportType": 1}]', 1);
INSERT INTO tours."Tours" ("Id", "AuthorId", "Name", "Description", "Difficulty", "Tags", "Status", "Price", "IsDeleted", "Distance", "PublishDate", "ArchiveDate", "Durations", "Category") 
VALUES (-107, -2, 'Obilazak pijaca', 'Obidjite sve pijace u gradu i kupite potrebne namirnice po odlicnim cenam', 4, '{limanska,futoska,deteliranska}', 1, 80, false, 3.55, '2024-01-16 17:58:28.13696+01', '-infinity', '[{"Duration": 104, "TransportType": 0}, {"Duration": 49, "TransportType": 2}]', 1);
INSERT INTO tours."Tours" ("Id", "AuthorId", "Name", "Description", "Difficulty", "Tags", "Status", "Price", "IsDeleted", "Distance", "PublishDate", "ArchiveDate", "Durations", "Category") 
VALUES (-108, -2, 'Obilazak Lidl prodavnica ', 'Posetite svoje omiljene i najpovoljnije prodavnice sa Vasom porodicom', 2, '{lidl,kupovina}', 1, 90, false, 4.95, '2024-01-16 18:08:39.682432+01', '-infinity', '[{"Duration": 127, "TransportType": 0}, {"Duration": 51, "TransportType": 2}]', 1);
INSERT INTO tours."Tours" ("Id", "AuthorId", "Name", "Description", "Difficulty", "Tags", "Status", "Price", "IsDeleted", "Distance", "PublishDate", "ArchiveDate", "Durations", "Category") 
VALUES (-109, -2, 'Obilazak trznih centara', 'Podjite u soping iz snova', 5, '{promenada,merkator,big}', 1, 150, false, 4.33, '2024-01-16 18:15:01.563896+01', '-infinity', '[{"Duration": 58, "TransportType": 1}, {"Duration": 50, "TransportType": 2}]', 1);
INSERT INTO tours."Tours" ("Id", "AuthorId", "Name", "Description", "Difficulty", "Tags", "Status", "Price", "IsDeleted", "Distance", "PublishDate", "ArchiveDate", "Durations", "Category") 
VALUES (-110, -2, 'Muzeji Novog Sada', 'Posetite muzeje Novog Sada', 3, '{umetnost,kultura,istorija}', 1, 200, false, 1.08, '2024-01-16 18:31:39.498423+01', '-infinity', '[{"Duration": 63, "TransportType": 0}]', 3);
INSERT INTO tours."Tours" ("Id", "AuthorId", "Name", "Description", "Difficulty", "Tags", "Status", "Price", "IsDeleted", "Distance", "PublishDate", "ArchiveDate", "Durations", "Category") 
VALUES (-111, -2, 'Poseta vinarijama', 'Posetite i okusite najlepsa vina u Novom Sadu i okolini', 5, '{vino,grozdje}', 1, 130, false, 11.46, '2024-01-16 18:51:48.007578+01', '-infinity', '[{"Duration": 79, "TransportType": 1}, {"Duration": 59, "TransportType": 2}]', 3);
INSERT INTO tours."Tours" ("Id", "AuthorId", "Name", "Description", "Difficulty", "Tags", "Status", "Price", "IsDeleted", "Distance", "PublishDate", "ArchiveDate", "Durations", "Category") 
VALUES (-112, -2, 'Obilazak spomenika', 'Obilazak najznacajnijih i najpoznatijih spomenika u Novom Sadu', 4, '{spomenik}', 1, 60, false, 1.43, '2024-01-16 21:10:41.669485+01', '2024-01-16 21:09:52.334512+01', '[{"Duration": 69, "TransportType": 0}]', 3);
INSERT INTO tours."Tours" ("Id", "AuthorId", "Name", "Description", "Difficulty", "Tags", "Status", "Price", "IsDeleted", "Distance", "PublishDate", "ArchiveDate", "Durations", "Category") 
VALUES (-114, -2, 'Poseta pozoristima', 'Priblizite se novosadskoj pozorisnoj sceni', 2, '{pozoriste,predstava}', 1, 110, false, 0.66, '2024-01-16 21:01:47.964176+01', '-infinity', '[{"Duration": 41, "TransportType": 0}]', 3);
INSERT INTO tours."Tours" ("Id", "AuthorId", "Name", "Description", "Difficulty", "Tags", "Status", "Price", "IsDeleted", "Distance", "PublishDate", "ArchiveDate", "Durations", "Category") 
VALUES (-115, -2, 'Obilazak crkvi', 'Upoznajte se sa religijskom stranom ovog grada', 3, '{religija,porodica,crkva}', 1, 30, false, 1.01, '2024-01-16 21:08:48.053856+01', '-infinity', '[{"Duration": 62, "TransportType": 0}]', 3);
INSERT INTO tours."Tours" ("Id", "AuthorId", "Name", "Description", "Difficulty", "Tags", "Status", "Price", "IsDeleted", "Distance", "PublishDate", "ArchiveDate", "Durations", "Category") 
VALUES (1001, 1, 'Studentska tura', 'Put jednog studenta', 2, '{Dom,Student}', 1, 120, false, 2.55, '2023-12-16 21:08:48.053856+01', '-infinity', '[]', 0);
INSERT INTO tours."Tours" ("Id", "AuthorId", "Name", "Description", "Difficulty", "Tags", "Status", "Price", "IsDeleted", "Distance", "PublishDate", "ArchiveDate", "Durations", "Category") 
VALUES (-300, -2, 'Tura u Petrovaradinu', 'Obilazak znamenitosti u Petrovaradinu', 3, '{Arhitektura,Istorija}', 1, 240, false, 0.42, '2024-01-16 17:49:03.379089+00', '-infinity', '[{"Duration": 37, "TransportType": 0}]', 3);



--******************************** KEYPOINTS ********************************

INSERT INTO tours."KeyPoints" ("Id", "TourId", "Name", "Description", "Longitude", "Latitude", "LocationAddress", "ImagePath", "Order", "HaveSecret", "Secret", "IsEncounterRequired", "HasEncounter") VALUES (-201, -201, 'Popovica', 'Savršeno mesto za početak putovanja', 19.826260328227367, 45.18388654346712, 'Fruskogorski put  Поповица  Novi Sad  21000  Serbia', 'https://cdn.discordapp.com/attachments/1196968382214443018/1196976390692679720/sremska-kamenica-izletiste-popovica.jpg?ex=65b99622&is=65a72122&hm=25dce9d63a3c634d357d4511b408ad49a0bda63c8018d832dc0bd0f23b9b6579&', 0, true, '{"Images": [""], "Description": ""}', false, false);
INSERT INTO tours."KeyPoints" ("Id", "TourId", "Name", "Description", "Longitude", "Latitude", "LocationAddress", "ImagePath", "Order", "HaveSecret", "Secret", "IsEncounterRequired", "HasEncounter") VALUES (-202, -201, 'Orlovo bojište', 'Vidikovac', 19.830607294861696, 45.18073056221459, 'Orlovo bojiste  Зоранова стаза  Сремска Каменица  21206  Serbia', 'https://cdn.discordapp.com/attachments/1196968382214443018/1196976411773243402/sremska-kamenica-vidikovac-orlovo-bojiste.jpg?ex=65b99627&is=65a72127&hm=924162237f0b8e8ac3f219f521dedd49c9ea2179e8cae79563d6bdb6a416ae71&', 1, true, '{"Images": [""], "Description": ""}', false, false);
INSERT INTO tours."KeyPoints" ("Id", "TourId", "Name", "Description", "Longitude", "Latitude", "LocationAddress", "ImagePath", "Order", "HaveSecret", "Secret", "IsEncounterRequired", "HasEncounter") VALUES (-203, -201, 'Popovičko jezero', 'Uživajte u savršenom pogledu.', 19.819680780128696, 45.18399026937773, 'Поповица  МЗ Сремска Каменица  Novi Sad  21000  Serbia', 'https://cdn.discordapp.com/attachments/1196968382214443018/1196976427724193892/popovicko-jezero.jpg?ex=65b9962b&is=65a7212b&hm=449762197e448bbcdde3e255c8ab3fe4c63b8a9b5d2ca405d18dd4a8ccc9d4fa&', 2, true, '{"Images": [""], "Description": ""}', false, false);
INSERT INTO tours."KeyPoints" ("Id", "TourId", "Name", "Description", "Longitude", "Latitude", "LocationAddress", "ImagePath", "Order", "HaveSecret", "Secret", "IsEncounterRequired", "HasEncounter") VALUES (-204, -202, 'Kanal', 'Posmatrajte Žeželja', 19.86652287836478, 45.26717225641403, '  МЗ Салајка  Novi Sad  21000  Serbia', 'https://cdn.discordapp.com/attachments/1196968382214443018/1196976718121017366/zezelj.jpg?ex=65b99670&is=65a72170&hm=75269b904992500e06a6dfb3d22757a060414e8d048da9549e423732b558d1e3&', 0, true, '{"Images": [""], "Description": ""}', false, false);
INSERT INTO tours."KeyPoints" ("Id", "TourId", "Name", "Description", "Longitude", "Latitude", "LocationAddress", "ImagePath", "Order", "HaveSecret", "Secret", "IsEncounterRequired", "HasEncounter") VALUES (-205, -202, 'Bleja na keju', 'Pozovite drugare i ponesite zvučnik', 19.855659931854465, 45.252732956994045, '  МЗ Соња Маринковић  Novi Sad  21101  Serbia', 'https://cdn.discordapp.com/attachments/1196968382214443018/1196976839483199578/kej-zrtava-racije.jpg?ex=65b9968d&is=65a7218d&hm=2858175c49653bbf99e61df61c5c24b69055fe83a6e2ebf662414d0006620971&', 1, true, '{"Images": [""], "Description": ""}', false, false);
INSERT INTO tours."KeyPoints" ("Id", "TourId", "Name", "Description", "Longitude", "Latitude", "LocationAddress", "ImagePath", "Order", "HaveSecret", "Secret", "IsEncounterRequired", "HasEncounter") VALUES (-206, -202, 'Štrand', 'Kupanjac na Štrandu', 19.848890036300876, 45.236741227183586, 'Сунчани кеј  Liman 1  Novi Sad  21002  Serbia', 'https://cdn.discordapp.com/attachments/1196968382214443018/1196976895502331914/strand.jpg?ex=65b9969a&is=65a7219a&hm=3ea659722e685ed3cfef486135c64cf67b6d36b49411547d41cb98c628838ea9&', 2, true, '{"Images": [""], "Description": ""}', false, false);
INSERT INTO tours."KeyPoints" ("Id", "TourId", "Name", "Description", "Longitude", "Latitude", "LocationAddress", "ImagePath", "Order", "HaveSecret", "Secret", "IsEncounterRequired", "HasEncounter") VALUES (-207, -203, 'Airsoft', 'Upucajte prijatelje :)', 19.7713956534426, 45.26160691535529, 'Доње Сајлово  Jugovicevo  Novi Sad  21000  Serbia', 'https://cdn.discordapp.com/attachments/1196968382214443018/1196968500057608322/air-soft.jpg?ex=65b98ec9&is=65a719c9&hm=402423c4922e3d2b9385146da7fcbb04c114b4029ac3d21b7545eb0dea9eb49c&', 0, false, NULL, false, false);
INSERT INTO tours."KeyPoints" ("Id", "TourId", "Name", "Description", "Longitude", "Latitude", "LocationAddress", "ImagePath", "Order", "HaveSecret", "Secret", "IsEncounterRequired", "HasEncounter") VALUES (-208, -203, 'Kupanje na SPENSu', 'Posle trčanja, valja se malo i okupati', 19.84380984271411, 45.24907887462066, 'Maksima Gorkog  Stari grad  Novi Sad  21101  Serbia', 'https://cdn.discordapp.com/attachments/1196968382214443018/1196977162960519238/otvoren-bazen.jpg?ex=65b996da&is=65a721da&hm=923b14899d8ceeb862e5c3f8795f3236aad61bc3810cfc20f93758c5ecaab597&', 1, true, '{"Images": [""], "Description": ""}', false, false);
INSERT INTO tours."KeyPoints" ("Id", "TourId", "Name", "Description", "Longitude", "Latitude", "LocationAddress", "ImagePath", "Order", "HaveSecret", "Secret", "IsEncounterRequired", "HasEncounter") VALUES (-209, -204, 'Stražilovo', 'Uživajte u debeloj hladovini Stražilova', 19.932721316727115, 45.20070230065922, '1  Gajeva  Сремски Карловци  21205  Serbia', 'https://cdn.discordapp.com/attachments/1196968382214443018/1196977188092772452/Strazilovo.jpg?ex=65b996e0&is=65a721e0&hm=546a0826244016310f722f7379231230585c0646b399b13a69929facdb68f193&', 0, true, '{"Images": [""], "Description": ""}', false, false);
INSERT INTO tours."KeyPoints" ("Id", "TourId", "Name", "Description", "Longitude", "Latitude", "LocationAddress", "ImagePath", "Order", "HaveSecret", "Secret", "IsEncounterRequired", "HasEncounter") VALUES (-210, -204, 'Spomenik Branku Radičeviću', 'Puca pogled', 19.91398724909232, 45.16685212634892, '  Дубоки пут  Сремски Карловци  22327  Serbia', 'https://cdn.discordapp.com/attachments/1196968382214443018/1196977200264654959/spomenik-strazilovo.jpg?ex=65b996e3&is=65a721e3&hm=d1aaf0566a405317e7453dad7e56d7f24d217eb7eca915a7b832d698e5e6a245&', 1, true, '{"Images": [""], "Description": ""}', false, false);
INSERT INTO tours."KeyPoints" ("Id", "TourId", "Name", "Description", "Longitude", "Latitude", "LocationAddress", "ImagePath", "Order", "HaveSecret", "Secret", "IsEncounterRequired", "HasEncounter") VALUES (-211, -204, 'Bukovac', 'Limene ruke u Bukovcu', 19.894572256598625, 45.19155041254075, 'Brnjica  МЗ Буковац  Bukovac  21209  Serbia', 'https://cdn.discordapp.com/attachments/1196968382214443018/1196968500498018304/bukovac.jpg?ex=65b98ec9&is=65a719c9&hm=bd405f04f71e306dc4cdfdc683fe42561bc05ff11916fdce58df5b18007ef15a&', 2, true, '{"Images": [""], "Description": ""}', false, false);
INSERT INTO tours."KeyPoints" ("Id", "TourId", "Name", "Description", "Longitude", "Latitude", "LocationAddress", "ImagePath", "Order", "HaveSecret", "Secret", "IsEncounterRequired", "HasEncounter") VALUES (-212, -205, 'Start', 'Start je kod Štranda', 19.85324594374106, 45.24082079238161, 'Сунчани кеј  МЗ Лиман  Novi Sad  21000  Serbia', 'https://cdn.discordapp.com/attachments/1196968382214443018/1196977450131914783/kej-start.jpg?ex=65b9971e&is=65a7221e&hm=4c7e4186ba96695f1d19a56f12fe535b1e17b1f2457525a3241a8c3a22040457&', 0, true, '{"Images": [""], "Description": ""}', false, false);
INSERT INTO tours."KeyPoints" ("Id", "TourId", "Name", "Description", "Longitude", "Latitude", "LocationAddress", "ImagePath", "Order", "HaveSecret", "Secret", "IsEncounterRequired", "HasEncounter") VALUES (-213, -205, 'Na pola puta', 'Ostalo je još malo, trči.', 19.85612010816113, 45.25321495530023, 'Лука Нови Сад  Kej zrtava racije  Novi Sad  21101  Serbia', 'https://cdn.discordapp.com/attachments/1196968382214443018/1196977468133879949/kej-middle.jpg?ex=65b99723&is=65a72223&hm=f727eb27398fc62f473d2d412c63255b752d20b704e380965bc4056e1c6cf2e7&', 1, true, '{"Images": [""], "Description": ""}', false, false);
INSERT INTO tours."KeyPoints" ("Id", "TourId", "Name", "Description", "Longitude", "Latitude", "LocationAddress", "ImagePath", "Order", "HaveSecret", "Secret", "IsEncounterRequired", "HasEncounter") VALUES (-214, -205, 'End', 'Zaustavi štopericu', 19.865733145270497, 45.26662719904431, '  МЗ Салајка  Novi Sad  21000  Serbia', 'https://cdn.discordapp.com/attachments/1196968382214443018/1196977488174256199/end.png?ex=65b99727&is=65a72227&hm=59028714bab3a17cadd2752b6f787ef050c5e9971305fb05d77a82f3970bced2&', 2, true, '{"Images": [""], "Description": ""}', false, false);
INSERT INTO tours."KeyPoints" ("Id", "TourId", "Name", "Description", "Longitude", "Latitude", "LocationAddress", "ImagePath", "Order", "HaveSecret", "Secret", "IsEncounterRequired", "HasEncounter") VALUES (-215, -206, 'Dunavski park', 'Započnite šetnju u hladovini Dunavskog parka', 19.85182437296317, 45.25461359673799, 'Bul. Mihajla Pupina - Danube''s Park  Bulevar Mihajla Pupina  Novi Sad  21000  Serbia', 'https://cdn.discordapp.com/attachments/1196968382214443018/1196968501500448830/dunavski.jpg?ex=65b98ec9&is=65a719c9&hm=0b0fad4896f48737bd4d4fd1b9440771690833a3c4035763c82e2869600c30e1&', 0, true, '{"Images": [""], "Description": ""}', false, false);
INSERT INTO tours."KeyPoints" ("Id", "TourId", "Name", "Description", "Longitude", "Latitude", "LocationAddress", "ImagePath", "Order", "HaveSecret", "Secret", "IsEncounterRequired", "HasEncounter") VALUES (-216, -206, 'Mileticev spomenik', 'Prošetajte centrom i obiđite spomenik gde se mladi sastaju pre izlaska', 19.845088183792544, 45.255054040103204, '5  Трг слободе  Novi Sad  21000  Serbia', 'https://cdn.discordapp.com/attachments/1196968382214443018/1196978015532490834/miletic.jpg?ex=65b997a5&is=65a722a5&hm=38bec97b830b5d113541068c5eb3452236bae65784c404457b38f6729c49af16&', 1, true, '{"Images": [""], "Description": ""}', false, false);
INSERT INTO tours."KeyPoints" ("Id", "TourId", "Name", "Description", "Longitude", "Latitude", "LocationAddress", "ImagePath", "Order", "HaveSecret", "Secret", "IsEncounterRequired", "HasEncounter") VALUES (-217, -206, 'Sinagoga', 'Uživajte u arhitekturi Sinagoge', 19.840650290207126, 45.25342404269199, 'Novi Sad Synagogue  9  Novi Sad  21101  Serbia', 'https://cdn.discordapp.com/attachments/1196968382214443018/1196978034729812038/sinagoga.jpg?ex=65b997aa&is=65a722aa&hm=401ad23501ca2f4b1d2dcd4cd5535ca1cd472ad4bf9fd3c47d44b21edeecf92a&', 2, true, '{"Images": [""], "Description": ""}', false, false);
INSERT INTO tours."KeyPoints" ("Id", "TourId", "Name", "Description", "Longitude", "Latitude", "LocationAddress", "ImagePath", "Order", "HaveSecret", "Secret", "IsEncounterRequired", "HasEncounter") VALUES (-218, -206, 'Šodroš', 'Uživajte malo i u prirodi', 19.83202967043326, 45.22886834939341, 'Kajak Kanu Klub "Liman"  Ribarsko ostrvo  Novi Sad  21000  Serbia', 'https://cdn.discordapp.com/attachments/1196968382214443018/1196978058863857774/sodros.jpg?ex=65b997b0&is=65a722b0&hm=abc8b8e9060deb08d1d53d13990019a231ae52365d7dae58a49f07d7d9699595&', 3, true, '{"Images": [""], "Description": ""}', false, false);
INSERT INTO tours."KeyPoints" ("Id", "TourId", "Name", "Description", "Longitude", "Latitude", "LocationAddress", "ImagePath", "Order", "HaveSecret", "Secret", "IsEncounterRequired", "HasEncounter") VALUES (-110, -105, 'Spomenik Svetozaru Mileticu', 'Najpopularniji spomenik u Novom Sadu', 19.8448920249939, 45.25502886482637, '5  Трг слободе  Novi Sad  21000  Serbia', 'https://cdn.discordapp.com/attachments/1196968382214443018/1196969900648972288/miletic.jpg?ex=65b99016&is=65a71b16&hm=fd121ff05a2a3b35ffe4c52afbd079952428d80262f1b864580d38b6ed23000e&', 0, true, '{"Images": [""], "Description": ""}', false, false);
INSERT INTO tours."KeyPoints" ("Id", "TourId", "Name", "Description", "Longitude", "Latitude", "LocationAddress", "ImagePath", "Order", "HaveSecret", "Secret", "IsEncounterRequired", "HasEncounter") VALUES (-111, -105, 'Spomenik Jovanu Jovanovicu Zmaju', 'Spomenik jednom od najvecih srpskih pisaca', 19.847761988639835, 45.25683390509358, 'Јован Јовановић Змај  Zmaj Jovina  Novi Sad  21101  Serbia', 'https://cdn.discordapp.com/attachments/1196968382214443018/1196968803289014282/jjzmaj.jpg?ex=65b98f11&is=65a71a11&hm=95aecd1cd2ace633fb69e2e25775560cb333c031325fecfd891c2b15133f997b&', 1, true, '{"Images": [""], "Description": ""}', false, false);
INSERT INTO tours."KeyPoints" ("Id", "TourId", "Name", "Description", "Longitude", "Latitude", "LocationAddress", "ImagePath", "Order", "HaveSecret", "Secret", "IsEncounterRequired", "HasEncounter") VALUES (-112, -105, 'Dunavski park', 'Jedan od najlepsih parkova u Novom Sadu', 19.85062122344971, 45.25442843076533, 'Ђура Јакшић  Pionirska  Novi Sad  21101  Serbia', 'https://cdn.discordapp.com/attachments/1196968382214443018/1196968738180845629/dunavski_park_1.jpg?ex=65b98f01&is=65a71a01&hm=a4e6373b51a1d72792051165d0a96c070a182c8e2a4d8a4809c46c301f8cc342&', 2, true, '{"Images": [""], "Description": ""}', false, false);
INSERT INTO tours."KeyPoints" ("Id", "TourId", "Name", "Description", "Longitude", "Latitude", "LocationAddress", "ImagePath", "Order", "HaveSecret", "Secret", "IsEncounterRequired", "HasEncounter") VALUES (-113, -106, 'Limanski park', 'Najlepsi park u gradu', 19.84114229679108, 45.23928330917167, 'Deer man  Плато Митра Суботића Субе  Novi Sad  21002  Serbia', 'https://cdn.discordapp.com/attachments/1196968382214443018/1196969756591394947/limanskipark.jpg?ex=65b98ff4&is=65a71af4&hm=6a7346f17882758f29a8b7940160830ae18ce8868f6182ed0a6548bcbcff0ab7&', 0, true, '{"Images": [""], "Description": ""}', false, false);
INSERT INTO tours."KeyPoints" ("Id", "TourId", "Name", "Description", "Longitude", "Latitude", "LocationAddress", "ImagePath", "Order", "HaveSecret", "Secret", "IsEncounterRequired", "HasEncounter") VALUES (-114, -106, 'Dunavski park', 'Park u samom srcu grada', 19.85062122344971, 45.254419367562505, 'Ђура Јакшић  Pionirska  Novi Sad  21101  Serbia', 'https://cdn.discordapp.com/attachments/1196968382214443018/1196968738180845629/dunavski_park_1.jpg?ex=65b98f01&is=65a71a01&hm=a4e6373b51a1d72792051165d0a96c070a182c8e2a4d8a4809c46c301f8cc342&', 1, true, '{"Images": [""], "Description": ""}', false, false);
INSERT INTO tours."KeyPoints" ("Id", "TourId", "Name", "Description", "Longitude", "Latitude", "LocationAddress", "ImagePath", "Order", "HaveSecret", "Secret", "IsEncounterRequired", "HasEncounter") VALUES (-115, -106, 'Futoski park', 'Veoma lep, pun prirode', 19.82941031455994, 45.25071617231845, '18  Nikole Tesle  Novi Sad  21112  Serbia', 'https://cdn.discordapp.com/attachments/1196968382214443018/1196968776885862472/futoskipark.jpg?ex=65b98f0b&is=65a71a0b&hm=840ce6f7833b9d8b5e0be8b60879695739600e7c03efa943066bf262d47fe99d&', 2, true, '{"Images": [""], "Description": ""}', false, false);
INSERT INTO tours."KeyPoints" ("Id", "TourId", "Name", "Description", "Longitude", "Latitude", "LocationAddress", "ImagePath", "Order", "HaveSecret", "Secret", "IsEncounterRequired", "HasEncounter") VALUES (-116, -107, 'Limanska pijaca', 'Fun fact: Limanska pijaca se nalazi na Grbavici', 19.83717799186707, 45.24319650050745, 'Лиманска пијаца  Bulevar Cara Lazara  Novi Sad  21102  Serbia', 'https://cdn.discordapp.com/attachments/1196968382214443018/1196969710370181300/limanskapijaca.jpg?ex=65b98fe9&is=65a71ae9&hm=4557c8ce2149b7fb77e24ca397429e3863e6fc2a0780536e2686e6ced84f4578&', 0, true, '{"Images": [""], "Description": ""}', false, false);
INSERT INTO tours."KeyPoints" ("Id", "TourId", "Name", "Description", "Longitude", "Latitude", "LocationAddress", "ImagePath", "Order", "HaveSecret", "Secret", "IsEncounterRequired", "HasEncounter") VALUES (-117, -107, 'Futoska pijaca', 'Najprometnija pijaca u gradu', 19.83764469623566, 45.25246847917685, '40  Jevrejska  Novi Sad  21101  Serbia', 'https://cdn.discordapp.com/attachments/1196968382214443018/1196968774629326939/futoskapijaca.jpg?ex=65b98f0a&is=65a71a0a&hm=92421c835d23986d53b4b60afd381bc00f80b98e414506cc9f03caf304b6b1e6&', 1, true, '{"Images": [""], "Description": ""}', false, false);
INSERT INTO tours."KeyPoints" ("Id", "TourId", "Name", "Description", "Longitude", "Latitude", "LocationAddress", "ImagePath", "Order", "HaveSecret", "Secret", "IsEncounterRequired", "HasEncounter") VALUES (-118, -107, 'Detelinarska pijaca', 'Najskuplja pijaca u gradu, kupujte samo ako morate', 19.817844629287723, 45.261782744188025, 'Stevana Mokranjca  Стара Детелинара  Novi Sad  21000  Serbia', 'https://cdn.discordapp.com/attachments/1196968382214443018/1196968723785994301/detelinarapijaca.jpg?ex=65b98efe&is=65a719fe&hm=ad7c170c5581ad8fde9b34e69b35dad6dd62d7dfea1b84e8894d687324e20686&', 2, true, '{"Images": [""], "Description": ""}', false, false);
INSERT INTO tours."KeyPoints" ("Id", "TourId", "Name", "Description", "Longitude", "Latitude", "LocationAddress", "ImagePath", "Order", "HaveSecret", "Secret", "IsEncounterRequired", "HasEncounter") VALUES (-119, -108, 'Lidl Liman', 'Najbolja radnja na celom Limanu', 19.82618093490601, 45.236125363680074, 'Lidl Metropol  Sime Matavulja  Novi Sad  21000  Serbia', 'https://cdn.discordapp.com/attachments/1196968382214443018/1196968871769419877/lidlliman.jpg?ex=65b98f21&is=65a71a21&hm=0bb69399a91d7f7e6b12892e6a553c7145d53061c0c0e8042fd7dd58dca58fa8&', 0, true, '{"Images": [""], "Description": ""}', false, false);
INSERT INTO tours."KeyPoints" ("Id", "TourId", "Name", "Description", "Longitude", "Latitude", "LocationAddress", "ImagePath", "Order", "HaveSecret", "Secret", "IsEncounterRequired", "HasEncounter") VALUES (-120, -108, 'Lidl Zeleznicka', 'Slabije snabdeven Lidl', 19.820564389228824, 45.26421207135854, 'Lidl  Jovana Hranilovica  Novi Sad  21101  Serbia', 'https://cdn.discordapp.com/attachments/1196968382214443018/1196968901054054431/lidlzeleznicka.jpg?ex=65b98f28&is=65a71a28&hm=af3abb0a864e47ec36634a45be1e58b069c065d75c33d12c5d57ad25803c4c51&', 1, true, '{"Images": [""], "Description": ""}', false, false);
INSERT INTO tours."KeyPoints" ("Id", "TourId", "Name", "Description", "Longitude", "Latitude", "LocationAddress", "ImagePath", "Order", "HaveSecret", "Secret", "IsEncounterRequired", "HasEncounter") VALUES (-121, -108, 'Lidl Detelinara', 'Najbolje snabdeveni Lidl', 19.806348681449894, 45.26047402097001, 'Bulevar vojvode Stepe  Jugovicevo  Novi Sad  21137  Serbia', 'https://cdn.discordapp.com/attachments/1196968382214443018/1196968855961075763/lidldeteos.jpg?ex=65b98f1d&is=65a71a1d&hm=4d1e40f63acad58b935191f5a6c2c4c9ed1bc4876ca5cb55b323e142f4654842&', 2, true, '{"Images": [""], "Description": ""}', false, false);
INSERT INTO tours."KeyPoints" ("Id", "TourId", "Name", "Description", "Longitude", "Latitude", "LocationAddress", "ImagePath", "Order", "HaveSecret", "Secret", "IsEncounterRequired", "HasEncounter") VALUES (-122, -109, 'Promenada', 'Najveci trzni centar na Balkanu', 19.844259023666385, 45.2442978868374, '15  Bulevar Cara Lazara  Novi Sad  21102  Serbia', 'https://cdn.discordapp.com/attachments/1196968382214443018/1196970206636023958/promenada.jpg?ex=65b9905f&is=65a71b5f&hm=ca3fa664f3b5d55f758acb5c3d6c15bf4fdda48bc68393f4df0870b90ea8a2b2&', 0, true, '{"Images": [""], "Description": ""}', false, false);
INSERT INTO tours."KeyPoints" ("Id", "TourId", "Name", "Description", "Longitude", "Latitude", "LocationAddress", "ImagePath", "Order", "HaveSecret", "Secret", "IsEncounterRequired", "HasEncounter") VALUES (-123, -109, 'Merkator', 'Idu ljudi u njega i dalje, verujte nam ', 19.841292500495914, 45.243366468926794, 'Mercator  Bulevar oslobodjenja  Novi Sad  21101  Serbia', 'https://cdn.discordapp.com/attachments/1196968382214443018/1196969873109164094/merkator.jpg?ex=65b99010&is=65a71b10&hm=623aed643ccc6dbc83722a7cf614403dd769adca809ad1da0f37e2578dc5807c&', 1, true, '{"Images": [""], "Description": ""}', false, false);
INSERT INTO tours."KeyPoints" ("Id", "TourId", "Name", "Description", "Longitude", "Latitude", "LocationAddress", "ImagePath", "Order", "HaveSecret", "Secret", "IsEncounterRequired", "HasEncounter") VALUES (-124, -109, 'Big trzni centar', 'Veoma velik i snabdeven odlicnim uslugama', 19.830113053321842, 45.27541719593619, '9  Pere Popadica  Novi Sad  21138  Serbia', 'https://cdn.discordapp.com/attachments/1196968382214443018/1196968701426139167/big.jpg?ex=65b98ef9&is=65a719f9&hm=aa5b870ac35b191d60e22447e6dbb305d77fa6adde43de25f0a6c239e69881d5&', 2, true, '{"Images": [""], "Description": ""}', false, false);
INSERT INTO tours."KeyPoints" ("Id", "TourId", "Name", "Description", "Longitude", "Latitude", "LocationAddress", "ImagePath", "Order", "HaveSecret", "Secret", "IsEncounterRequired", "HasEncounter") VALUES (-125, -110, 'Muzej savremene umetnosti Vojvodine', 'Upoznajte savremenu umetnost', 19.853469729423527, 45.25599181185773, '26  Dunavska  Novi Sad  21000  Serbia', 'https://cdn.discordapp.com/attachments/1196968382214443018/1196969988850974810/Muzej_savremene_umetnosti_Vojvodine.jpg?ex=65b9902b&is=65a71b2b&hm=f58da79eb50646e9e9061a838dd98de85dbbc151572e1f08a214b375e0d5edf1&', 0, true, '{"Images": [""], "Description": ""}', false, false);
INSERT INTO tours."KeyPoints" ("Id", "TourId", "Name", "Description", "Longitude", "Latitude", "LocationAddress", "ImagePath", "Order", "HaveSecret", "Secret", "IsEncounterRequired", "HasEncounter") VALUES (-126, -110, 'Muzej grada Novog Sada', 'Muzej lokalne istorije', 19.850015044212345, 45.25647139115067, '25  Dunavska  Novi Sad  21101  Serbia', 'https://cdn.discordapp.com/attachments/1196968382214443018/1196970097005301760/muzejgradanovogsada.jpg?ex=65b99045&is=65a71b45&hm=574d44e57b3bc050bd0eaa0799d2da0b84ca054cf5ca028cee45add127abd520&', 1, true, '{"Images": [""], "Description": ""}', false, false);
INSERT INTO tours."KeyPoints" ("Id", "TourId", "Name", "Description", "Longitude", "Latitude", "LocationAddress", "ImagePath", "Order", "HaveSecret", "Secret", "IsEncounterRequired", "HasEncounter") VALUES (-127, -110, 'Galerija Matice srpske', 'Cenjena galerije moderne srpske umetnosti', 19.84586298465729, 45.2522494437762, '1  Miroslava Antica  Novi Sad  21101  Serbia', 'https://cdn.discordapp.com/attachments/1196968382214443018/1196968790810951841/galerijamaticesrpske.jpg?ex=65b98f0e&is=65a71a0e&hm=1f576cb992ef5c51abd343fa2033addac5408ddb37a781fb301fc9d4bd2ac432&', 2, true, '{"Images": [""], "Description": ""}', false, false);
INSERT INTO tours."KeyPoints" ("Id", "TourId", "Name", "Description", "Longitude", "Latitude", "LocationAddress", "ImagePath", "Order", "HaveSecret", "Secret", "IsEncounterRequired", "HasEncounter") VALUES (-128, -111, 'Vinarija vinum', 'Odlicno snabdevena vinarija na periferiji Sremskih Karlovaca', 19.9399334192276, 45.197600173416475, '26a  Karlovackog mira  Сремски Карловци  21205  Serbia', 'https://cdn.discordapp.com/attachments/1196968382214443018/1196970557514719232/vinarijavinum.jpg?ex=65b990b3&is=65a71bb3&hm=1ff4737f13ceb647503353fa26d96454abf8f6ecca9aa31d9ce2b904aea8f18a&', 0, true, '{"Images": [""], "Description": ""}', false, false);
INSERT INTO tours."KeyPoints" ("Id", "TourId", "Name", "Description", "Longitude", "Latitude", "LocationAddress", "ImagePath", "Order", "HaveSecret", "Secret", "IsEncounterRequired", "HasEncounter") VALUES (-129, -111, 'Vinarija Mrdjanin', 'Odlicna vinarija sa vinima unikatnog ukusa', 19.930207729339603, 45.20185642020873, '  Jovana Grosa  Сремски Карловци  21205  Serbia', 'https://cdn.discordapp.com/attachments/1196968382214443018/1196970513986228244/vinarijamrdjanin.jpg?ex=65b990a9&is=65a71ba9&hm=32db0f5e2dca33b111eac63a9593683c17b7663373411e244ace0693e266637b&', 1, true, '{"Images": [""], "Description": ""}', false, false);
INSERT INTO tours."KeyPoints" ("Id", "TourId", "Name", "Description", "Longitude", "Latitude", "LocationAddress", "ImagePath", "Order", "HaveSecret", "Secret", "IsEncounterRequired", "HasEncounter") VALUES (-130, -111, 'Vinarija Dulka', 'Odlicna vinarija u centru grada', 19.84188258647919, 45.259144877075826, '4  Djordja Markovica Kodera  Novi Sad  21101  Serbia', 'https://cdn.discordapp.com/attachments/1196968382214443018/1196970489395040366/vinarijadulka.jpg?ex=65b990a3&is=65a71ba3&hm=36d46d97a2d346faaf184c88a7be7a6fcba7e0468fd2952d986188d4dff9b27e&', 2, true, '{"Images": [""], "Description": ""}', false, false);
INSERT INTO tours."KeyPoints" ("Id", "TourId", "Name", "Description", "Longitude", "Latitude", "LocationAddress", "ImagePath", "Order", "HaveSecret", "Secret", "IsEncounterRequired", "HasEncounter") VALUES (-131, -112, 'Kej zrtava racije', 'Secanje na uzasan dogadjaj..', 19.855915904045105, 45.252068172460966, 'Батардо - остатак некадашњег Мостобрана  Kej zrtava racije  Novi Sad  21101  Serbia', 'https://cdn.discordapp.com/attachments/1196968382214443018/1196968841536884806/kejzrtavaracije.jpg?ex=65b98f1a&is=65a71a1a&hm=f9f134b2e8f0b6b3e87db44938c2a640799a51641b2c893e8ff41ede7b48a32d&', 0, true, '{"Images": [""], "Description": ""}', false, false);
INSERT INTO tours."KeyPoints" ("Id", "TourId", "Name", "Description", "Longitude", "Latitude", "LocationAddress", "ImagePath", "Order", "HaveSecret", "Secret", "IsEncounterRequired", "HasEncounter") VALUES (-132, -112, 'Spomenik Jovanu Jovanovicu Zmaju', 'Uspomena na jednog od najuticajnijih srpskih pisaca', 19.847767353057865, 45.25682635274337, 'Јован Јовановић Змај  Zmaj Jovina  Novi Sad  21101  Serbia', 'https://cdn.discordapp.com/attachments/1196968382214443018/1196968803289014282/jjzmaj.jpg?ex=65b98f11&is=65a71a11&hm=95aecd1cd2ace633fb69e2e25775560cb333c031325fecfd891c2b15133f997b&', 1, false, NULL, false, false);
INSERT INTO tours."KeyPoints" ("Id", "TourId", "Name", "Description", "Longitude", "Latitude", "LocationAddress", "ImagePath", "Order", "HaveSecret", "Secret", "IsEncounterRequired", "HasEncounter") VALUES (-133, -112, 'Spomenik Svetozaru Mileticu', 'Najpoznatiji spomenik u samom srcu grada', 19.84489738941193, 45.25502886482637, '5  Трг слободе  Novi Sad  21000  Serbia', 'https://cdn.discordapp.com/attachments/1196968382214443018/1196969900648972288/miletic.jpg?ex=65b99016&is=65a71b16&hm=fd121ff05a2a3b35ffe4c52afbd079952428d80262f1b864580d38b6ed23000e&', 2, false, NULL, false, false);
INSERT INTO tours."KeyPoints" ("Id", "TourId", "Name", "Description", "Longitude", "Latitude", "LocationAddress", "ImagePath", "Order", "HaveSecret", "Secret", "IsEncounterRequired", "HasEncounter") VALUES (-134, -114, 'Srpsko narodno pozoriste', 'Najstariji profesionalni teatar u Srbiji', 19.84317004680634, 45.25437933839155, '7  Позоришни трг  Novi Sad  21000  Serbia', 'https://cdn.discordapp.com/attachments/1196968382214443018/1196970293600735333/snp.jpg?ex=65b99074&is=65a71b74&hm=27f3dcfe099b8bcd392aa6a8f7055aca97579a85bcdbf6910e0305e2cbd17fc9&', 0, true, '{"Images": [""], "Description": ""}', false, false);
INSERT INTO tours."KeyPoints" ("Id", "TourId", "Name", "Description", "Longitude", "Latitude", "LocationAddress", "ImagePath", "Order", "HaveSecret", "Secret", "IsEncounterRequired", "HasEncounter") VALUES (-135, -114, 'Pozoriste mladih', 'Mesto u kojem odrastamo, mesto u kojem od mladih postajemo ljudi', 19.849328398704532, 45.255772790046024, '6  Ise Bajica  Novi Sad  21101  Serbia', 'https://cdn.discordapp.com/attachments/1196968382214443018/1196970112830427196/pozoristemladih.jpg?ex=65b99049&is=65a71b49&hm=ce27e415c1321a6005214bae2c8bb69c398c744fda8a3696d864b63c8a78f2ef&', 1, true, '{"Images": [""], "Description": ""}', false, false);
INSERT INTO tours."KeyPoints" ("Id", "TourId", "Name", "Description", "Longitude", "Latitude", "LocationAddress", "ImagePath", "Order", "HaveSecret", "Secret", "IsEncounterRequired", "HasEncounter") VALUES (-136, -115, 'Saborna crkva svetog Djordja', 'Najznacajniji pravoslavni hram u Novom Sadu', 19.84740793704987, 45.257464522792134, '3  Nikole Pasica  Novi Sad  21101  Serbia', 'https://cdn.discordapp.com/attachments/1196968382214443018/1196970233441824929/sabornacrkva.jpg?ex=65b99066&is=65a71b66&hm=4468a2e762f23564dff266761c01ef927b92bbe78770a7387e478cdceb0bea9b&', 0, true, '{"Images": [""], "Description": ""}', false, false);
INSERT INTO tours."KeyPoints" ("Id", "TourId", "Name", "Description", "Longitude", "Latitude", "LocationAddress", "ImagePath", "Order", "HaveSecret", "Secret", "IsEncounterRequired", "HasEncounter") VALUES (-137, -115, 'Uspenska crkva', 'Crkva posvecena Uspenju Presvete Bogorodice', 19.84190404415131, 45.25576523755469, '16  Uspenska  Novi Sad  21000  Serbia', 'https://cdn.discordapp.com/attachments/1196968382214443018/1196970452531281920/uspenskacrkva.jpg?ex=65b9909a&is=65a71b9a&hm=2e1ddd9ba64910d234a62a13e1f7b57e5ff9aac79fcbdd6562342bce1a4fdacf&', 1, true, '{"Images": [""], "Description": ""}', false, false);
INSERT INTO tours."KeyPoints" ("Id", "TourId", "Name", "Description", "Longitude", "Latitude", "LocationAddress", "ImagePath", "Order", "HaveSecret", "Secret", "IsEncounterRequired", "HasEncounter") VALUES (-138, -115, 'Katolicka crkva imena Marijinog', 'Najveca crkva u Novom Sadu, cesto nazivana ,,katedralom"', 19.845766425132755, 45.255614187517075, 'Parish Church of the Name of Mary  Трг слободе  Novi Sad  21101  Serbia', 'https://cdn.discordapp.com/attachments/1196968382214443018/1196968818929586248/katolickacrkva.jpg?ex=65b98f15&is=65a71a15&hm=3ecc6721b2b61977a9cf2f14baf27531f56b434dd28dbbbf694f7bc40e47f3fa&', 2, true, '{"Images": [""], "Description": ""}', false, false);
INSERT INTO tours."KeyPoints" ("Id", "TourId", "Name", "Description", "Longitude", "Latitude", "LocationAddress", "ImagePath", "Order", "HaveSecret", "Secret", "IsEncounterRequired", "HasEncounter") VALUES (1001, 1001, 'Limanski dom', 'Prebivalište studenta', 19.837259978012302, 45.23600460780574, 'Bulevar despota Stefana  Liman 3  Novi Sad  21102  Serbia', 'https://cdn.discordapp.com/attachments/1196968382214443018/1196968501068439623/dom.jpg?ex=65b98ec9&is=65a719c9&hm=3dac8852e148a470ae79b1a8102c4f89bda29132646e600fa2ec34932e26ee50&', 0, true, '{"Images": [""], "Description": ""}', false, false);
INSERT INTO tours."KeyPoints" ("Id", "TourId", "Name", "Description", "Longitude", "Latitude", "LocationAddress", "ImagePath", "Order", "HaveSecret", "Secret", "IsEncounterRequired", "HasEncounter") VALUES (1002, 1001, 'Koliba', 'Najbolje mesto da se nesto prezalogaji', 19.848670095161655, 45.24889217996584, '10  Strazilovska  Novi Sad  21101  Serbia', 'https://cdn.discordapp.com/attachments/1196968382214443018/1196980740689236088/koliba.jpg?ex=65b99a2f&is=65a7252f&hm=5dc43e0b4b26770345dd86ffe544499b506a14b18ef613716411a4d20e7bfae9&', 2, true, '{"Images": [""], "Description": ""}', false, false);
INSERT INTO tours."KeyPoints" ("Id", "TourId", "Name", "Description", "Longitude", "Latitude", "LocationAddress", "ImagePath", "Order", "HaveSecret", "Secret", "IsEncounterRequired", "HasEncounter") VALUES (1003, 1001, 'FTN', 'Najvažnija ustanova za jednog studenta', 19.85106799002097, 45.245882067965155, 'University of Novi Sad  Доктора Симе Милошевића  Novi Sad  21101  Serbia', 'https://fakulteti.edukacija.rs/wp-content/uploads/2015/06/ftn-890x395_c.jpg', 1, false, '{"Images": [""], "Description": "Razvijao sam struju, svetlom svet obasjao.\nU svome srcu nauku sam nosio.\nI dalje se pamte mog uma carolije.\nAmfiteatar A1, moje slavno ime krije."}', false, false);
INSERT INTO tours."KeyPoints" ("Id", "TourId", "Name", "Description", "Longitude", "Latitude", "LocationAddress", "ImagePath", "Order", "HaveSecret", "Secret", "IsEncounterRequired", "HasEncounter") VALUES (-301, -300, 'Petrovaradinska tvrdjava', 'Setnja po Petrovaradinskoj tvrdjavi', 19.861720204353336, 45.25237482275976, 'Petrovaradin Fortress  Vladimira Nazora  Petrovaradin  21101  Serbia', 'https://cdn.discordapp.com/attachments/1159797397082357851/1196964886916374589/c2.jpeg?ex=65b98b6b&is=65a7166b&hm=9dc898a3f84bc50de1fe141c0d0ed62f203932f9a7eeef9b446ae63ac19301d9&', 0, true, '{"Images": [""], "Description": ""}', false, false);
INSERT INTO tours."KeyPoints" ("Id", "TourId", "Name", "Description", "Longitude", "Latitude", "LocationAddress", "ImagePath", "Order", "HaveSecret", "Secret", "IsEncounterRequired", "HasEncounter") VALUES (-300, -300, 'Crkva Svetog Pavla', 'Setnja do crkve Svetog Pavla u starom gradu', 19.862776994705204, 45.25473129200542, 'Petrovaradin Fortress  Vladimira Nazora  Petrovaradin  21101  Serbia', 'https://cdn.discordapp.com/attachments/1159797397082357851/1196964840426700950/c1.jpeg?ex=65b98b60&is=65a71660&hm=45e27bf6d1ab2a8e954f27649b11d83cc852b691aafb54ec57bd01f519d53829&', 1, true, '{"Images": [""], "Description": ""}', false, false);



--******************************** REVIEW ********************************

INSERT INTO tours."Reviews"("Id", "Rating", "Comment", "TouristId", "TourVisitDate", "CommentDate", "TourId", "Images") VALUES (-201, 5, 'Odlicna tura', -178, '2024-01-15', '2024-01-15', -201, ARRAY['']);
INSERT INTO tours."Reviews"("Id", "Rating", "Comment", "TouristId", "TourVisitDate", "CommentDate", "TourId", "Images") VALUES (-202, 5, 'Svidja mi se', -182, '2024-01-14', '2024-01-14', -201, ARRAY['']);
INSERT INTO tours."Reviews"("Id", "Rating", "Comment", "TouristId", "TourVisitDate", "CommentDate", "TourId", "Images") VALUES (-203, 4, 'Bilo mi je teze nego sto sam ocekivala', -179, '2024-01-13', '2024-01-13', -201, ARRAY['']);
INSERT INTO tours."Reviews"("Id", "Rating", "Comment", "TouristId", "TourVisitDate", "CommentDate", "TourId", "Images") VALUES (-204, 5, 'Super', -180, '2024-01-15', '2024-01-15', -202, ARRAY['']);
INSERT INTO tours."Reviews"("Id", "Rating", "Comment", "TouristId", "TourVisitDate", "CommentDate", "TourId", "Images") VALUES (-205, 5, 'Veoma zanimljivo', -184, '2024-01-12', '2024-01-12', -202, ARRAY['']);
INSERT INTO tours."Reviews"("Id", "Rating", "Comment", "TouristId", "TourVisitDate", "CommentDate", "TourId", "Images") VALUES (-206, 5, 'Zabavno!', -183, '2024-01-11', '2024-01-11', -202, ARRAY['']);
INSERT INTO tours."Reviews"("Id", "Rating", "Comment", "TouristId", "TourVisitDate", "CommentDate", "TourId", "Images") VALUES (-207, 5, 'Odlicno', -176, '2024-01-9', '2024-01-9', -202, ARRAY['']);
INSERT INTO tours."Reviews"("Id", "Rating", "Comment", "TouristId", "TourVisitDate", "CommentDate", "TourId", "Images") VALUES (-208, 4, 'Moze bolje', -177, '2024-01-8', '2024-01-8', -202, ARRAY['']);
INSERT INTO tours."Reviews"("Id", "Rating", "Comment", "TouristId", "TourVisitDate", "CommentDate", "TourId", "Images") VALUES (-209, 5, 'Idealno', -181, '2024-01-12', '2024-01-12', -203, ARRAY['']);
INSERT INTO tours."Reviews"("Id", "Rating", "Comment", "TouristId", "TourVisitDate", "CommentDate", "TourId", "Images") VALUES (-210, 5, 'Bas mi se svidelo', -182, '2024-01-13', '2024-01-13', -203, ARRAY['']);
INSERT INTO tours."Reviews"("Id", "Rating", "Comment", "TouristId", "TourVisitDate", "CommentDate", "TourId", "Images") VALUES (-211, 5, 'Topcina', -175, '2024-01-8', '2024-01-8', -203, ARRAY['']);
INSERT INTO tours."Reviews"("Id", "Rating", "Comment", "TouristId", "TourVisitDate", "CommentDate", "TourId", "Images") VALUES (-212, 5, 'Bas jako', -174, '2024-01-9', '2024-01-9', -203, ARRAY['']);
INSERT INTO tours."Reviews"("Id", "Rating", "Comment", "TouristId", "TourVisitDate", "CommentDate", "TourId", "Images") VALUES (-213, 5, 'Uzivao sam', -173, '2024-01-10', '2024-01-10', -204, ARRAY['']);
INSERT INTO tours."Reviews"("Id", "Rating", "Comment", "TouristId", "TourVisitDate", "CommentDate", "TourId", "Images") VALUES (-214, 4, 'Moze bolje', -183, '2024-01-11', '2024-01-11', -204, ARRAY['']);
INSERT INTO tours."Reviews"("Id", "Rating", "Comment", "TouristId", "TourVisitDate", "CommentDate", "TourId", "Images") VALUES (-215, 5, 'Topcina', -176, '2024-01-10', '2024-01-10', -204, ARRAY['']);
INSERT INTO tours."Reviews"("Id", "Rating", "Comment", "TouristId", "TourVisitDate", "CommentDate", "TourId", "Images") VALUES (-216, 5, 'Bas je bilo dobro', -169, '2024-01-10', '2024-01-10', -204, ARRAY['']);
INSERT INTO tours."Reviews"("Id", "Rating", "Comment", "TouristId", "TourVisitDate", "CommentDate", "TourId", "Images") VALUES (-217, 4, 'Vrlo dobro', -179, '2024-01-12', '2024-01-12', -204, ARRAY['']);
INSERT INTO tours."Reviews"("Id", "Rating", "Comment", "TouristId", "TourVisitDate", "CommentDate", "TourId", "Images") VALUES (-218, 5, 'Zabavno', -178, '2024-01-13', '2024-01-13', -204, ARRAY['']);
INSERT INTO tours."Reviews"("Id", "Rating", "Comment", "TouristId", "TourVisitDate", "CommentDate", "TourId", "Images") VALUES (-219, 5, 'Taman', -184, '2024-01-14', '2024-01-14', -205, ARRAY['']);
INSERT INTO tours."Reviews"("Id", "Rating", "Comment", "TouristId", "TourVisitDate", "CommentDate", "TourId", "Images") VALUES (-220, 5, 'Predobro', -168, '2024-01-15', '2024-01-15', -205, ARRAY['']);
INSERT INTO tours."Reviews"("Id", "Rating", "Comment", "TouristId", "TourVisitDate", "CommentDate", "TourId", "Images") VALUES (-221, 4, 'Nije nesto', -182, '2024-01-14', '2024-01-14', -205, ARRAY['']);
INSERT INTO tours."Reviews"("Id", "Rating", "Comment", "TouristId", "TourVisitDate", "CommentDate", "TourId", "Images") VALUES (-222, 4, 'Moze bolje', -181, '2024-01-10', '2024-01-10', -205, ARRAY['']);
INSERT INTO tours."Reviews"("Id", "Rating", "Comment", "TouristId", "TourVisitDate", "CommentDate", "TourId", "Images") VALUES (-223, 5, 'Topcina', -178, '2024-01-9', '2024-01-9', -206, ARRAY['']);
INSERT INTO tours."Reviews"("Id", "Rating", "Comment", "TouristId", "TourVisitDate", "CommentDate", "TourId", "Images") VALUES (-224, 5, 'Svidja mi se', -169, '2024-01-12', '2024-01-12', -206, ARRAY['']);
INSERT INTO tours."Reviews" ("Id", "Rating", "Comment", "TouristId", "TourVisitDate", "CommentDate", "TourId", "Images") VALUES (-101, 5, 'Great tour.', -177, '2024-01-10', '2023-01-10', -105, ARRAY['']);
INSERT INTO tours."Reviews" ("Id", "Rating", "Comment", "TouristId", "TourVisitDate", "CommentDate", "TourId", "Images") VALUES (-102, 4, 'Okay tour.', -181, '2024-01-10', '2023-01-10', -105, ARRAY['']);
INSERT INTO tours."Reviews" ("Id", "Rating", "Comment", "TouristId", "TourVisitDate", "CommentDate", "TourId", "Images") VALUES (-103, 5, 'Love the tour.', -180, '2024-01-10', '2023-01-10', -105, ARRAY['']);
INSERT INTO tours."Reviews" ("Id", "Rating", "Comment", "TouristId", "TourVisitDate", "CommentDate", "TourId", "Images") VALUES (-104, 5, 'Average tour.', -182, '2024-01-10', '2023-01-10', -105, ARRAY['']);
INSERT INTO tours."Reviews" ("Id", "Rating", "Comment", "TouristId", "TourVisitDate", "CommentDate", "TourId", "Images") VALUES (-105, 5, 'Bad tour.', -177, '2024-01-10', '2023-01-10', -106, ARRAY['']);
INSERT INTO tours."Reviews" ("Id", "Rating", "Comment", "TouristId", "TourVisitDate", "CommentDate", "TourId", "Images") VALUES (-106, 4, 'Okay tour.', -181, '2024-01-10', '2023-01-10', -106, ARRAY['']);
INSERT INTO tours."Reviews" ("Id", "Rating", "Comment", "TouristId", "TourVisitDate", "CommentDate", "TourId", "Images") VALUES (-107, 4, 'Love the tour.', -180, '2024-01-10', '2023-01-10', -106, ARRAY['']);
INSERT INTO tours."Reviews" ("Id", "Rating", "Comment", "TouristId", "TourVisitDate", "CommentDate", "TourId", "Images") VALUES (-108, 4, 'Average tour.', -182, '2024-01-10', '2023-01-10', -106, ARRAY['']);
INSERT INTO tours."Reviews" ("Id", "Rating", "Comment", "TouristId", "TourVisitDate", "CommentDate", "TourId", "Images") VALUES (-109, 5, 'Bad tour.', -177, '2024-01-10', '2023-01-10', -107, ARRAY['']);
INSERT INTO tours."Reviews" ("Id", "Rating", "Comment", "TouristId", "TourVisitDate", "CommentDate", "TourId", "Images") VALUES (-110, 4, 'Okay tour.', -181, '2024-01-10', '2023-01-10', -107, ARRAY['']);
INSERT INTO tours."Reviews" ("Id", "Rating", "Comment", "TouristId", "TourVisitDate", "CommentDate", "TourId", "Images") VALUES (-111, 5, 'Love the tour.', -180, '2024-01-10', '2023-01-10', -107, ARRAY['']);
INSERT INTO tours."Reviews" ("Id", "Rating", "Comment", "TouristId", "TourVisitDate", "CommentDate", "TourId", "Images") VALUES (-112, 5, 'Average tour.', -182, '2024-01-10', '2023-01-10', -107, ARRAY['']);
INSERT INTO tours."Reviews" ("Id", "Rating", "Comment", "TouristId", "TourVisitDate", "CommentDate", "TourId", "Images") VALUES (-113, 5, 'Average tour.', -184, '2024-01-10', '2023-01-10', -107, ARRAY['']);
INSERT INTO tours."Reviews" ("Id", "Rating", "Comment", "TouristId", "TourVisitDate", "CommentDate", "TourId", "Images") VALUES (-114, 5, 'Bad tour.', -176, '2024-01-10', '2023-01-10', -108, ARRAY['']);
INSERT INTO tours."Reviews" ("Id", "Rating", "Comment", "TouristId", "TourVisitDate", "CommentDate", "TourId", "Images") VALUES (-115, 4, 'Okay tour.', -183, '2024-01-10', '2023-01-10', -108, ARRAY['']);
INSERT INTO tours."Reviews" ("Id", "Rating", "Comment", "TouristId", "TourVisitDate", "CommentDate", "TourId", "Images") VALUES (-116, 5, 'Love the tour.', -181, '2024-01-10', '2023-01-10', -108, ARRAY['']);
INSERT INTO tours."Reviews" ("Id", "Rating", "Comment", "TouristId", "TourVisitDate", "CommentDate", "TourId", "Images") VALUES (-117, 4, 'Average tour.', -182, '2024-01-10', '2023-01-10', -108, ARRAY['']);
INSERT INTO tours."Reviews" ("Id", "Rating", "Comment", "TouristId", "TourVisitDate", "CommentDate", "TourId", "Images") VALUES (-118, 3, 'Average tour.', -184, '2024-01-10', '2023-01-10', -108, ARRAY['']);
INSERT INTO tours."Reviews" ("Id", "Rating", "Comment", "TouristId", "TourVisitDate", "CommentDate", "TourId", "Images") VALUES (-119, 3, 'Bad tour.', -177, '2024-01-10', '2023-01-10', -109, ARRAY['']);
INSERT INTO tours."Reviews" ("Id", "Rating", "Comment", "TouristId", "TourVisitDate", "CommentDate", "TourId", "Images") VALUES (-120, 5, 'Okay tour.', -174, '2024-01-10', '2023-01-10', -109, ARRAY['']);
INSERT INTO tours."Reviews" ("Id", "Rating", "Comment", "TouristId", "TourVisitDate", "CommentDate", "TourId", "Images") VALUES (-121, 5, 'Love the tour.', -175, '2024-01-10', '2023-01-10', -109, ARRAY['']);
INSERT INTO tours."Reviews" ("Id", "Rating", "Comment", "TouristId", "TourVisitDate", "CommentDate", "TourId", "Images") VALUES (-122, 4, 'Average tour.', -182, '2024-01-10', '2023-01-10', -109, ARRAY['']);
INSERT INTO tours."Reviews" ("Id", "Rating", "Comment", "TouristId", "TourVisitDate", "CommentDate", "TourId", "Images") VALUES (-123, 5, 'Average tour.', -183, '2024-01-10', '2023-01-10', -109, ARRAY['']);
INSERT INTO tours."Reviews" ("Id", "Rating", "Comment", "TouristId", "TourVisitDate", "CommentDate", "TourId", "Images") VALUES (-124, 5, 'Bad tour.', -176, '2024-01-10', '2023-01-10', -110, ARRAY['']);
INSERT INTO tours."Reviews" ("Id", "Rating", "Comment", "TouristId", "TourVisitDate", "CommentDate", "TourId", "Images") VALUES (-125, 2, 'Okay tour.', -180, '2024-01-10', '2023-01-10', -110, ARRAY['']);
INSERT INTO tours."Reviews" ("Id", "Rating", "Comment", "TouristId", "TourVisitDate", "CommentDate", "TourId", "Images") VALUES (-126, 5, 'Love the tour.', -178, '2024-01-10', '2023-01-10', -110, ARRAY['']);
INSERT INTO tours."Reviews" ("Id", "Rating", "Comment", "TouristId", "TourVisitDate", "CommentDate", "TourId", "Images") VALUES (-127, 5, 'Average tour.', -179, '2024-01-10', '2023-01-10', -110, ARRAY['']);
INSERT INTO tours."Reviews" ("Id", "Rating", "Comment", "TouristId", "TourVisitDate", "CommentDate", "TourId", "Images") VALUES (-128, 5, 'Average tour.', -183, '2024-01-10', '2023-01-10', -110, ARRAY['']);
INSERT INTO tours."Reviews" ("Id", "Rating", "Comment", "TouristId", "TourVisitDate", "CommentDate", "TourId", "Images") VALUES (-129, 5, 'Bad tour.', -176, '2024-01-10', '2023-01-10', -111, ARRAY['']);
INSERT INTO tours."Reviews" ("Id", "Rating", "Comment", "TouristId", "TourVisitDate", "CommentDate", "TourId", "Images") VALUES (-130, 4, 'Okay tour.', -180, '2024-01-10', '2023-01-10', -111, ARRAY['']);
INSERT INTO tours."Reviews" ("Id", "Rating", "Comment", "TouristId", "TourVisitDate", "CommentDate", "TourId", "Images") VALUES (-131, 5, 'Love the tour.', -178, '2024-01-10', '2023-01-10', -111, ARRAY['']);
INSERT INTO tours."Reviews" ("Id", "Rating", "Comment", "TouristId", "TourVisitDate", "CommentDate", "TourId", "Images") VALUES (-132, 4, 'Average tour.', -179, '2024-01-10', '2023-01-10', -111, ARRAY['']);
INSERT INTO tours."Reviews" ("Id", "Rating", "Comment", "TouristId", "TourVisitDate", "CommentDate", "TourId", "Images") VALUES (-133, 5, 'Average tour.', -183, '2024-01-10', '2023-01-10', -111, ARRAY['']);
INSERT INTO tours."Reviews" ("Id", "Rating", "Comment", "TouristId", "TourVisitDate", "CommentDate", "TourId", "Images") VALUES (-134, 4, 'Bad tour.', -181, '2024-01-10', '2023-01-10', -112, ARRAY['']);
INSERT INTO tours."Reviews" ("Id", "Rating", "Comment", "TouristId", "TourVisitDate", "CommentDate", "TourId", "Images") VALUES (-135, 4, 'Okay tour.', -180, '2024-01-10', '2023-01-10', -112, ARRAY['']);
INSERT INTO tours."Reviews" ("Id", "Rating", "Comment", "TouristId", "TourVisitDate", "CommentDate", "TourId", "Images") VALUES (-136, 5, 'Love the tour.', -182, '2024-01-10', '2023-01-10', -112, ARRAY['']);
INSERT INTO tours."Reviews" ("Id", "Rating", "Comment", "TouristId", "TourVisitDate", "CommentDate", "TourId", "Images") VALUES (-137, 4, 'Average tour.', -179, '2024-01-10', '2023-01-10', -112, ARRAY['']);
INSERT INTO tours."Reviews" ("Id", "Rating", "Comment", "TouristId", "TourVisitDate", "CommentDate", "TourId", "Images") VALUES (-138, 5, 'Average tour.', -178, '2024-01-10', '2023-01-10', -112, ARRAY['']);
INSERT INTO tours."Reviews" ("Id", "Rating", "Comment", "TouristId", "TourVisitDate", "CommentDate", "TourId", "Images") VALUES (-139, 4, 'Bad tour.', -181, '2024-01-10', '2023-01-10', -114, ARRAY['']);
INSERT INTO tours."Reviews" ("Id", "Rating", "Comment", "TouristId", "TourVisitDate", "CommentDate", "TourId", "Images") VALUES (-140, 4, 'Okay tour.', -180, '2024-01-10', '2023-01-10', -114, ARRAY['']);
INSERT INTO tours."Reviews" ("Id", "Rating", "Comment", "TouristId", "TourVisitDate", "CommentDate", "TourId", "Images") VALUES (-141, 5, 'Love the tour.', -182, '2024-01-10', '2023-01-10', -114, ARRAY['']);
INSERT INTO tours."Reviews" ("Id", "Rating", "Comment", "TouristId", "TourVisitDate", "CommentDate", "TourId", "Images") VALUES (-142, 4, 'Average tour.', -179, '2024-01-10', '2023-01-10', -114, ARRAY['']);
INSERT INTO tours."Reviews" ("Id", "Rating", "Comment", "TouristId", "TourVisitDate", "CommentDate", "TourId", "Images") VALUES (-143, 5, 'Average tour.', -178, '2024-01-10', '2023-01-10', -114, ARRAY['']);
INSERT INTO tours."Reviews" ("Id", "Rating", "Comment", "TouristId", "TourVisitDate", "CommentDate", "TourId", "Images") VALUES (-144, 5, 'Bad tour.', -176, '2024-01-10', '2023-01-10', -115, ARRAY['']);
INSERT INTO tours."Reviews" ("Id", "Rating", "Comment", "TouristId", "TourVisitDate", "CommentDate", "TourId", "Images") VALUES (-145, 4, 'Okay tour.', -177, '2024-01-10', '2023-01-10', -115, ARRAY['']);
INSERT INTO tours."Reviews" ("Id", "Rating", "Comment", "TouristId", "TourVisitDate", "CommentDate", "TourId", "Images") VALUES (-146, 5, 'Love the tour.', -182, '2024-01-10', '2023-01-10', -115, ARRAY['']);
INSERT INTO tours."Reviews" ("Id", "Rating", "Comment", "TouristId", "TourVisitDate", "CommentDate", "TourId", "Images") VALUES (-147, 5, 'Great tour.', -179, '2024-01-10', '2023-01-10', -115, ARRAY['']);
INSERT INTO tours."Reviews" ("Id", "Rating", "Comment", "TouristId", "TourVisitDate", "CommentDate", "TourId", "Images") VALUES (-148, 5, 'Awesome tour.', -178, '2024-01-10', '2023-01-10', -115, ARRAY['']);
INSERT INTO tours."Reviews"("Id", "Rating", "Comment", "TouristId", "TourVisitDate", "CommentDate", "TourId", "Images") VALUES (1001, 5, 'Taman', -184, '2024-01-14', '2024-01-14', 1001, ARRAY['https://media-cdn.tripadvisor.com/media/photo-s/11/35/48/c2/two-types-of-burek-together.jpg']);
INSERT INTO tours."Reviews"("Id", "Rating", "Comment", "TouristId", "TourVisitDate", "CommentDate", "TourId", "Images") VALUES (1002, 5, 'Predobro', -168, '2024-01-15', '2024-01-15', 1001, ARRAY['https://external-content.duckduckgo.com/iu/?u=https%3A%2F%2Ftse1.mm.bing.net%2Fth%3Fid%3DOIP.IdNrA454ywTM62ciB0nUSwHaEK%26pid%3DApi&f=1&ipt=0e5b4facaf543b7fa7881e257653c5cd0e08febacb76e555bf0da6cd0d51afae&ipo=images']);
INSERT INTO tours."Reviews"("Id", "Rating", "Comment", "TouristId", "TourVisitDate", "CommentDate", "TourId", "Images") VALUES (1003, 4, 'Nije nesto', -182, '2024-01-14', '2024-01-14', 1001, ARRAY['http://www.mojnovisad.com/files/news/8/1/2/34812/34812-ftn.jpg']);
INSERT INTO tours."Reviews"("Id", "Rating", "Comment", "TouristId", "TourVisitDate", "CommentDate", "TourId", "Images") VALUES (1004, 4, 'Moze bolje', -181, '2024-01-10', '2024-01-10', 1001, ARRAY['https://fakulteti.edukacija.rs/wp-content/uploads/2014/10/ftn-890x395.jpg']);
INSERT INTO tours."Reviews"("Id", "Rating", "Comment", "TouristId", "TourVisitDate", "CommentDate", "TourId", "Images") VALUES (1005, 5, 'Topcina', -178, '2024-01-9', '2024-01-9', 1001, ARRAY['https://l13.alamy.com/360/PK8TRK/novi-sad-liman-2-PK8TRK.jpg']);
INSERT INTO tours."Reviews"("Id", "Rating", "Comment", "TouristId", "TourVisitDate", "CommentDate", "TourId", "Images") VALUES (1006, 5, 'Svidja mi se', -169, '2024-01-12', '2024-01-12', 1001, ARRAY['https://external-content.duckduckgo.com/iu/?u=https%3A%2F%2Ftse4.mm.bing.net%2Fth%3Fid%3DOIP.73Y1itFS8yUN-X3xPJJngAHaFj%26pid%3DApi&f=1&ipt=84cd3bdd8fd58b4848b8f74d3006db206d78a4d6d8d7e837a34b17fe38e11d0e&ipo=images']);



-- ******************************** FOLLOWERS ******************************

INSERT INTO stakeholders."Followers" ("Id", "UserId", "FollowedById") VALUES (-1, -170, -169),
(-2, -172, -169),
(-3, -171, -169),
(-4, -168, -169),
(-5, -169, -168),
(-6, -169, -170),

(-7, -3, -178),
(-8, -3, -174),
(-9, -3, -176),
(-10, -3, -177),
(-11, -3, -8),
(-12, -3, -169),
(-13, -3, -175),
(-14, -3, -184),

(-15, -178, -3),
(-16, -174, -3),
(-17, -176, -3),
(-18, -177, -3),
(-19, -8, -3),
(-20, -169, -3);



-- ******************************** BLOGS ********************************

INSERT INTO blog."Blogs" ("Id", "Title", "Description", "Date", "Status", "AuthorId", "ClubId", "Votes", "VisibilityPolicy") VALUES (-11, 'Off-the-Beaten-Path Travel', '<p>Discover charming villages and secret natural havens off the tourist path. Immerse yourself in the heart of local cultures and explore hidden treasures. Pack your bags for an authentic travel experience!</p><p><br></p><p><img src="https://live.staticflickr.com/65535/53244354274_f096dbce42.jpg"></p><p><br></p><p>Join us on the road less traveled!</p>', '2023-11-14 00:00:00+01', 3, -170, NULL, '[{"UserId": -168, "VoteType": 1}, {"UserId": -170, "VoteType": 1}]', 0),
(-12, 'Historical Wonders: Time Travel Edition', '<p>Step into history with ancient ruins and medieval castles. Explore the mysteries of past civilizations and witness the grandeur of medieval architecture. Join us on a captivating journey through time!</p><p><br></p><p><img src="https://live.staticflickr.com/65535/53280758885_34afd10b3a.jpg"></p><p><br></p><p>Walk the corridors of history with us!</p>', '2023-11-14 00:00:00+01', 1, -169, NULL, '[{"UserId": -168, "VoteType": 0}, {"UserId": -170, "VoteType": 0}]', 0),
(-13, 'Urban Wanderlust: City Exploration', '<p>Delve into the heartbeat of vibrant cities! Explore bustling markets, iconic landmarks, and hidden gems within the urban landscape.</p><p>Immerse yourself in the culture and energy of city life.</p><p><br></p><p><img src="https://live.staticflickr.com/65535/53308142182_84983c1cc3.jpg"></p><p><br></p><p>Experience the pulse of the city with us!</p>', '2023-11-14 00:00:00+01', 0, -170, NULL, '[]', 0),
(-14, 'Team building grupa 1 (produžeci)', '<p>Nastavak kod Dragana na svirku i drinkić</p><p><br></p><p><img src="https://cdn.discordapp.com/attachments/1165638888082124852/1174054126708064327/IMG-20231113-WA0004.jpg"></p>', '2023-11-14 00:00:00+01', 1, -170, NULL, '[]', 0),
(-15, 'Team building grupa 1', '<p>Divno veče u ambijentu još divnijih ljudi huh</p><p><br></p><p><img src="https://cdn.discordapp.com/attachments/1165638888082124852/1174053744795734026/IMG-20231113-WA0006.jpg"></p>', '2023-11-14 00:00:00+01', 1, -170, NULL, '[]', 0),
(-16, 'Novi Sad u ritmu avanture: Prolazak kroz neistražene kutke', '<p>Uđite u svet Novog Sada kroz objektiv avanturističkog putnika. Ovaj blog istražuje neotkrivene kutke, donosi priče o lokalnom šarmu, kulturnim draguljima i autentičnim iskustvima. Pripremite se za vođenje kroz tajanstvene uličice, ukusnu hranu, i susrete sa lokalnim stanovništvom, dok zajedno otkrivamo bogatu baštinu Novog Sada. Pridružite se ovom putovanju u ritmu avanture i doživite grad na način koji se retko viđa.<img src="data:image/jpeg;base64,/9j/4AAQSkZJRgABAQAAAQABAAD/2wBDAAsJCQcJCQcJCQkJCwkJCQkJCQsJCwsMCwsLDA0QDBEODQ4MEhkSJRodJR0ZHxwpKRYlNzU2GioyPi0pMBk7IRP/2wBDAQcICAsJCxULCxUsHRkdLCwsLCwsLCwsLCwsLCwsLCwsLCwsLCwsLCwsLCwsLCwsLCwsLCwsLCwsLCwsLCwsLCz/wAARCADqASsDASIAAhEBAxEB/8QAGwAAAgMBAQEAAAAAAAAAAAAAAQMAAgQFBgf/xABJEAACAQMCBAMFAwkFBgQHAAABAgMABBESIQUxQVETImEUcYGRoQYysSMzQlJywdHh8BVTgpKTQ2KistLxJCVzlCY0VGOjwuL/xAAZAQADAQEBAAAAAAAAAAAAAAABAgMABAX/xAAoEQACAgICAgIBBAMBAAAAAAAAAQIRAyESMUFRBCITFDJCYVKRsdH/2gAMAwEAAhEDEQA/APq2T3NDJo4oYrnKkyaG/rRoUtGJv3NDzdzRqUtBKnV3oebvVyKqRS8Q2DfuaB1dzVsVD7q3ENlN+5qebuaOKGKm0GwebuaqQe5q+KGKFBsWQfWq79zTcUNNChrF4Pc1PN3NWIIoZoGJ5u5qeb1qYo4rBKEN3pZz604iqFaAbE5boamW7mr6aBU1jWUJbuaoS3er49KGKwShJ7mqHPc00rmqlawbFHPelsPU08qKoVpg2JJbGM1Q5pxTG9U0+lY1iiCdyaQ+npmtRjDbbiltD2PzohMZiJ3FVaFietbPDIqaBig5BRzXgODtSfZxXTdNtqRpPatyGR7qpUqV2nnEoHrRod6DCCpUqUlBJUqVM1gEoHrUyamTWsIKFHNDFIwgzQqUKmMSpyqVKASpPah7xVsGhg0A2TIoEioRQIrGAT6VXNGpQoJXBqpDUygfdWCKOaGfSmGhtQCU5VXOc03AqugVjCcA1NAp2lRQIHatYUJKUsp6CnkCq4oGEFKBjY9aeFJ5DlQZSMZFZsczeG1ApWgsMUtj2FLYyM7Riq+EPSmls9KGfShsJ6mpipUr0zzgVKlSsYlTFSpQMChijUoBK1N6NTeloJWpVqFBo1lDQphqpFI0NZWpRwKhxS0GytTejRoUaymKmKtUxQDZTAqYFXxQxWo1i6ByelM0ipo64oUGxGk9aOg4zuPfTsIBk86qSTQYUxG9TBppFVIoBKb1ApbNXANHYUrYRLJj41TRkgnlT2pVI5BQdhsKVIMirE1U70KGM5FLJatBX30tkFOmMjOS2Nhiq+enFKnh1uSCenoUaFemecShRqUDAqVKlYJKhqVKBgVKhqVggqUaFAwMVMUalCjWVxUxRqUKCDTUxRqUtBsqaFWqUKMVqBSatgVKHFBIAAKoxPKiTVcUknekZFcGpgCrUDSVQ9gwKqRV6rQZiuKGKsaFIxijDPWlEEE041U4xSsZMVt2qoUk5x7qvipQGKFT3qmnFMzVWNBsKF6RRwKo2vpVcyUrkMkejoUale0ecCpUqUpiUKNSsEFSpUrGJQo0KASUKNCsYlSpU6UrMV1ZJo0AME0cUqCTepvUqUTAqUaFAJN6BzRoUrMDAoUTUpWggNVq1VPOptjIG9DerYJpbSQr96SNcc9TqP30joK/oJoGkPe2KZzOpP8AuBm/AYrO/FbJeXiv6hQBnt5jmpuSKKLZtoHFcluMjJ0245HGZDz9cCscvF7w7K6pj9RF3+eaRzRRYpHfNVI5V5puK8SGcXL778kP7qzy8W4kysDcyAcjowm3+HFLyTKfhZ6zHPY7c6yT3vDrYlZ7qFHGcoCXcemlAa8dNfXUi6ZLmZlyDpZ3IJAxyJrI0qnbOSe1HY6w+2eqn+0PCY/uC4mOBsiCMb+rn91Yz9qIcnTZS46ZlTP0FeaZZWGrQcZO7bDYb0n/ABJ8moqKKLEkfbKlSpXsniEoUaFAJKBo1KBgVKlSsElCjQoGJQo0DWMSpWCbitnFkLmQjPmBCJ8GI/dWI/aO1U6fAdscysi6R7iRUXmgn2UWKb2kdyhmlWtxHdQRTx5CyAnDYJUg4IJHam706dq0I1TpkqVKlYxKBomgT3PzoMKJUqhlhGcyRj3sKW9zbIATKp9F8x+lTc0hqfoaaFYpOJRL+bjZv2zpHyGTWGXiN0+2oIM/7MY+uc1CWaJRYpM60s8EX33AP6o3b5CsMvE8ZESAdmc5Pv0jauU0zb+tIaVu9c0szfR0Rwpdm2a8uJPvysR2zpX5LtWJ5V6n6UlpBg71nZqk2y8YJDnnHc0lpR/RpDvSWeilY6RpMwB9fWqPOmckHH6QGPpWNn50ppKfiGjZJcqQFC408iOo9azNMvm21ddyazNJSml500YDdF3k7bemaSGJb72MHnn+G9UZieeN/dmgXUDYjGDkk4OKtVIS9lpZCA2Sd8klsk5771lMwydzS5Gyxz6gY32pfz+VUWNE3Jn3g3toOcjD9qOQfuoe32HLx1HvDj91cx4eJlSpSYqRjGrII92axyW93GGZoZdIAJbS2APU10fkl6OJYYP+R6D22x/+oi+Z+u1H2qyPK5g/1F/ea8wstxGS0ZkU8iU1A+7ag8lzMQ7iaQgaNRVmwB0zileZ+h/0q9nqhPbHlPCfdIn8aIeNvuuh/ZdT+BrxzMRsykftDGaab19JRhBjSFz4MQYD0YKDQ/Ue0Z/E/wAWeu27j5ip8K8YJ1PUfOmRXaxliYoJdWB+XBYDHbBpV8n+jP4jXTPYYPY0MN2NeMluPEdnAWMNjyREhBgY2BNL8dlKnUxwQcFmwcdDg0H8lX0ZfEl7Pb4bsfkaXIyrGzMQAFbnjnjlvXj579ZE0xwLCc5LRSTaiNxp8zcq0vxBZeHLFcSIJYyBHJkmUgLnlnmdhmhP5MUmBfGmmmzk3EyMWLSLkknn+6uc91GpyHG3QAmpcTnJDBcgkbj+jWXd1YkKp/R8orgUV2z1Ix8I9r9leIRXFreQfd9mn1DURlklXVyHqD/RrsXfFOGWKJJd3McKOxRGl1BWYDOAQDXlvs1ZwSwTySwK8iXIEcjE58qKSABtgf1yrnX997dxp49UXhxtc21u6u5QBoWjR13MecnJOOp7V1xytKkefPApZGe6F54qJLCY3icZR1OpWGM5Boe1S/qr9a+V2L3NqwlSd0l1o4MfmVdJ+8qHbJr6RqOldydl3YYJ26gUjyu+zTwcErNLXU/IEL7hv8zWd5Gc5Zmb371QtVGb1IqcpN9sCgkRj6/SqEiqlvWlO9SbKJFmK9vkazuaDOaQz+tI2OkFiaSzHBoM55ZpTN670LKpFXYjOaSz1ZmPm3HrSHyOZ2/rliih6Azbc6QzetFyd8ZwOfp2pDFidjt02Oaqg0RnO9JZvrRYSdj2pRR8HsOdUVMwGIzzz6UssoPU+nQUWBxy58sUltW/X+NWROQGfGfpWd27VZvLnOeeB0qrHGQVxjo3PNOqJOxJJquT3rRHa3M80cEcR8WTdBIwhXGM6tUukY7b0oxupILLkEg4cEZHqDT2haZ9+NxAP0x/kk/hWDiVwrwLHG2rXJ5wNSZUKdvMO9cVrl/13+ZrO1zJy1EjORqztTynJqiUfjqLuzThWkiieRYVKuS7b6ccgcVsiWCNMRX0zkksRE5iQk9+dcKSYuVJOCBjait1In3JHX9kkfgahTR0uHLydua2E6jXdRFwCFaW5LFfdqWnWCPaGUtPaTLIoGkSqullPcg/hXn/AG+f++k/zNVTfzHbxGx67/jS207M8La42evN1GSFNtHIx6RyQuQO5yBUKwPu1gP9OB/wNePF9IowGXHqqn6kUP7SkHVPkP3Ypnlkyf6T0z1zW9hg6rKMDrm3XH/CDXBvUha4k8OGJIEyoVBpJIH3iBjnWEcani3U7jlh3GDyzjONudA8YhYOrAdcHG9RySb8DQwyg7Y+xjsJbyOOVJJopIJMmRSiRyINZKlSDjG1DiMVhKIBwtrceUtkSMpDls76st9K6lhew3FnPIQrEEwR6lUKMJqJYgdMjavNzWUzI0kKOyoQGKDJBxnvmpSdJIpD7Sbbqip4TdsWkmnTxCSzAh295LHBz8KrHY2WXivuJR2c2VEChDKpU/pyMBgZ6DINJF9xCFSXZpI1IUiVS2MbhSx8w+dce4vSZHaUNrkZmZ23yxOayTkzoSl7PT8ZlXhnCeH8LtboO03iT3E0OlRJEWO+VJ5nPXktZOGcKjNnDxeZEaOLxJZoLhJkZILVmcTW+hgCxwBgrg5yOW/nzNFIjRuoZGSRMN0DqUJU9DvtXtuH8d4HPDBaM72/5FLXTc7oU0eDjxV25dwKbolkjKMaX+zzNpDbXcvCys2Yb5keUEEGJ/FKywfDkD6175j/ANq8U0cVn9mOFK2Fu4eLXyRspycxuyyFTyxsp59u9emsL1b2zt7j9JlKyAdJF2b+PxpJKic25xUvRqZqWzGozetKZx3qbkTSDqpTMPjVWf8Ar0pTyDkTtn+udT5DpEd+fSksc9ajSjJwMn1qjThiPKNC4JAyNXU+bnvSNlEipIA7nB57UpiepwN+vSt4jF3G8sSmO3iYIEDFx4jDVhQ2+PfWG7E4eRTCulE1ExoAQmQNRAJ36UUMhDuq4ywxvkHGffilM7MVEas5JwAis5J+AoLFJIpl0hYwGLM7KAujnqzuPTPOtYs7mGBJAWheRGJOlXUxnykZXcHv6GmtIcwAhyFwS7cgTzI2xis8kwQlAhDA4OsFT8a1G3i8aNZY57gss0emAqpJCllZA3TkelYHS9UzvHaOsaKCzNGSVB2yC3M7GqxcWZgaS5b7qk7jGByJ2qhiuSY/EIjjcnzyt5EXVpJbQCR8vxpssH2g8KOF4pdJT2hIhJHhVcDzthuu2KwyNcxkQ+AupTIGKxiRm1rg6mUE7dO1Wj/VCNj5DFbysiPb3QAxl428PPPKByG+YHWlTKq+F4cyTeLnywo6sjZ+7iTf3ZpUMbSM0DXVtbAZYG6LhS4IAUBVY5OeuB16VtHB4ZzEn9rWxkCOZUkZYyXUZIj1tuPXqKa4x7YNsxobiEi6UIjwuCgeSJptWMho49zt3pY1yRT3bSopEojCOGaZyw1FwMEaR1OfSu7F9nLeWziuoGDCGGOSdgXVpAzlG0Anw9Xry5ZrjX0x8KODx5fZYC8cUDlAyhiCARGAM9yBWjOMtIVqhkaXVzm4EkkhtjHAk95JGsA8pVYodSNyG+MHA+dahB9n8LmRwSASBOCATvgFnB+lcKW24mumOS1ugQx0qyMmkkY5PgdKHsvFDuYZsnc5Iz+NUljT/lQFJ+j7B/Y/Em21Ww/xufwWlycEv0jkfxIG0Iz6V16mCjOBkYr02aVK+iG4f9SGZvkhNdbSPPWefs8ZHbyzPbRo8Wq4x4evIAyuoaiBWl+B8YHIWpzyxKf3pWeSQ2zWEn6UPhSEfshGxXtA4IDD7rAEeoO4qS2tnTlyzi1R5D+weMfqWv8Arf8A8Vhu7K9sy/tEa4QxBmjIZAZAWUE7HfB6V7zOcDqTgV4rjfFjLccRtYVXwWaGGR2GWdrZjhl6AZz8vWs0jYs+ScqOWzdBjOwGeW/euiYvs0sN1FHdT3N+ttcyRyBXS38SJC5CAYGNjjOa4rvzqtgwa7hRiQJY7qEkf/cgkWlUTry2/NDbILc3/D7aTJjnuY4XCnBKNnOCK9a32U4Q3Jr1fRZw2f8AMprxnCpB/bHBgdv/ADCAfUjFfUNY9aLRyZsk1JUzy7WZ4TYcUtGZmIF3dQTBh50eMKpKgbbLg7ncZ5HC87hF67W8mok4uJOZ6BErufaE/wDh7hjyPD7ofIMf3147hUpW1m/9eQ/8CVxZFds6cNyhs2XlzbpdoZE1RXY8MgjYToMA/GuReQxFtOMBj5Aff60zibM9pMy/nYpEniI6SRtqB+WasZorqO3n5iQRyjJ6sOlTX1Ski6X8TLacLe+lktrWSMXKxtJHFKdImCHzKrcg3UZ7Hlisc6T2ks0NwDHLC5jlRyMqw6HG1bJLxeHcQ4PxBMgR3CmbtoBCSZ96k12uKvHw/wC2fCpnVTbcVjt4pfEAKMJwbNiQ23MKfjXRG5IlPJwlR5QzkhQxYqCSBnygnmQOVey+yc6zW17AD+ZlikGe0gI//Wufw+14BxfjH2qjuraMQw3CCzWEvCsSiSSEhPBIAzpyf516ywtOEcMjkisYbWGN2Vpd9TMwGxeRyW+tDI4rTJzyco1Q0xA5HrS2hXtVvbrIeJrKkK+gMNWWJGcqF+Q2rJcXWv8A+WS5IEZDeMERWJbGRkjlnauWUooRRkx3gIc5wNjgHO5JpRhUM2FUnlkjIx8dqwrcBHZWuHbUwV1hdiw5c+X40gXs7awjXcihSqNEwBVlb70h5bUt/wBFVjfs6HhR4ciOJ8EjYk8uoK1S6LyaCYkbSNIBHkIA7Z/fXLnvOJRQh9Ucc4dZFnWZZCwAKlWiyRuTk8uVCDiJnYSCMuxRELxrK4STnqYrtn30rXkeMHZ2n8aG3zcRrmUAF4XbwwDhxlVGr6bfilyDbJJDcxRxOywS+K5DogXKqSvmJJ2z/Q5M13M4W1hCG4dy8RgdxKSR+bwDgjr/ANqXGeJIZEUanhDGVF0idVfBOC+wUknJGRQUX2x1jo1xtbrCyICCZFkdG1M5KgjxC2NePU5xmkyTBmt1kupI4xpLOjeJpLLqfSV6NsPu8j3FUX2qL2hiVQWyrLJ4s0AwqrqJUBixA65ApVzNA8ftMUZj8EYYO2pJSRlEGMb4yfu/zZJ2U4o2vfvDIL2VLRllGhYsamjU4KORk77eUauVYp7iG5S4KvqllltjAI1dLWTQzEiZXYsRuD29KyCBHitpIZoxJMrOyP4pBaTHbJ23+dZBdxQ3sXtAEixSKZhEmQ2FIMZbWAOh61WGNPoD4pG4zcSk8Kzs7KI4kfw47RyJGB87AuGxpJ5b7AU+HiHGruW04bcWDvNrjgn/ACoiBRWOWkjbB1DbLaxy7GuHNxFpriZ7e3e2iYLCscchYYUAOoYb79ffW29uuAzm1nga6Vo0VjCwkkCSITnJkUZztmn4VSrslae0x3ErO/szHd28NwrxufDuYWCaZlc7IxJBPyrD/wDFUsTwa3lXS1zJBLLE0r6nGpmYnXuT+tXRsz9okj8BpVXyLJbW5WN0s2Yn8qocnDEZUc9m9cjk3d3d2V7A6NFDcwRqhmiljR3yctr0llPbYD3U0HJ/XTNOv3PRz5Lm6gaSCWXRJGzhESQ4QnZgugkb75pAnkPhsBEApzk523PMV1uG8Rs4l46bq0inj4ggiTTLGWil87BgrLq5kHbHKuXNDLIYl0gadjqzlieyjnXVGUVJqSo52nVosg4mcAeJ+VZX/KtgNuGB/KdOtNe/4mzMzXEuokltMeFz6ADGK7Fnc8UjsX4db8MhFsVcLJNO8TK8hDO58TJ3IyNhjOK47MNT/wDirEeYnCySsBvyBCUqmpN2kPxaXbPtUnHLFGKoJJD0OAik/wCLf6Uq64zw97O8jEjiaS0mRVKNjW6FcahtXmSQMkHftWd5N8Hqcb1eyCwRN3Epkkm1KCE0KoB5+VVQk/Kuvw/j1glrBDdPKksCCIsI2dHVdg2V3zjGdq8xdTFnBO/lI/4jWQyEZ9ayWh5Y1JJM94ftBwUBmW6JZVZlBimGWAJA3Wvn7MWYsTuxJPqScmoz46+/NJ1ZPPbI5Vg48ah0XkbZt+9MitpYUe4u2e10wvLaRyxuJbtyNKhB0UZBJPT6ZzIyMrISHVsqQSMEctxWeRyQNTMZF8jayScL93c/186KRWY60uI4OI2FzJ5Y4b6CeTGSVjEoYn4DNfUEvuGTDMV/YuDyK3MB+mrNfIZHyNue+9Y3Yb7D4gGs4Wc2SKl2fU/tBLA1lcaJY3ZbW9VhG6tziyPun0rxfCW1W8w5/lnz7iiiuHYSSrdSCIc7K/8AFwv+xEDFs4HLl8cV0uGm5NrMsSMytOSxX9hDiuTLj4po6cFJUa5iNOMj85H7ueK5/Dmzbz2zfetbmWEHrpzrWtE3tAUj2efHiIc6Rj746k1itGli4jxJDGw1xQXAVioOAChbmaklcGi0n9kK4szkeE2CApKtnG77HIrs3EMn2k4RwSeG6hju+HRm3lM7tl2CoCqhMsDsGzjHm6Yrk3shv4J4I7Nhc2TiR3TctCcqwYemM/8Aeh9nbq9iuVhjt/a1nPgC0aY23iTN542WYDykYYDPPOPdZRk8ace0c02uWz0f2ftIeERuJ7qGS6vH8S5ZC5QRpqCqrEAnqc43J9K7UlxZmCWYMZF6qsjI+AQDgYPv3Fcl47uORZJ/stxtWVsgwcQtboKT1CyIarLe2IA8Xhv2ktTqOWfh0cowemYn5fCuOcJyfJ7bKLj4H+PbyCHw5JdDKSwlVUwcgZJG1b0EwBjaTKrq8xbBVSMjGn4Zrzsk3BHzr4rJAccr7g94nruy6hTIp7VgyR/aD7PXAcjMd1LLBk9yJAufiaDwyYzkhss17dlViVWjYKdXjJ4y4JOl2G+R1GaEMFxHFKkeglHJkERBZWwp3J3ztTxBxI4e3suG3AG4NhLHNvzyAkmfpWe4vOI2wb2iyuYC2xeSG4VdxvvnT9a1PoaL9CpA5Dh8R618sckAcDJLZDKTue9JW74hp8CAeztl0YKfDgVTzJRDknvtvSm4gJNJIXSQFfTHksFz1ZjvvVEvYFIzBEzBWXLxZznGx3x9Krw1pGvZvku34fbR+zySPdtr/KQ2saFG06dSli7ZxkD3+tJh4l9o7spqki8FGU6L23Lq7aSMP5Rnnn3+6kPxO5BzDPLAMs2IRjGdsKTk7VmnuZbhZA9w7a31kyiRzkYAwNWB8BRWN1tIV1Z0vBtIPEe8u1zPpdkXCqwLZOExnTtjGMVR7qC3jRVltfBjd2RWUMW8R/EZnYksR0xp5bVzToYqTIpKhk1So0rKCc4UudqvN7NL4QDHKaNTSgHUQdyAuBv1ofid7Y6lrSGw8TuZEuAxtzpIRJSxQaNJQEKvmyNsb/Cub7ODMXkSQpr1KkbBAM7/AKQzmukg4WisNE4JIzibSuR10hcUmRYc5QgJ5SQXkY5Hrnl3p4um+KoDVrYBJCgBNl4hXSNUz6yynOrJwPht0qNLCxHiWUSpltflQnTjbp86zzRkkmG5MRPVgzkbb9qStvdBd74O2Qcyo7ZA5DBb99H8Se2/+icmtJHShuhI8sskcqFIA2tWYu7q2AqDOcYxuaxSPbO7A2Mat95ndAzHPTUw0gdagF0qy4uYxJLpy4jb7o6DJJpRhnZR4l4XI+998Kxz1XljpTRxJO//AEDm2qKtdRIhMUDDbCeTCE4zgYUbUYbu80MkTprZtXieFp0gY8qrz+JNBraSTHj3TOuQwCahg+mc/hTl8TMKSus0Ma6CpLK7r6uOo74qrUUhE5DHvbZtMc9tM2naQptlz0B1YquvhOBm3nBwMgIuAfTzVmaEFyyeGijOlQZDj1BO+aT7LId/FT466Cxx8OhvyS8n0YwzE4C8hnGR/Gs8sUqmJmQhTIi5205J71mJWlMRvvirpB4jbgESyAHUASAV3B36GszavWoT60sn1+ppjcB9pJbRXUUt3A08MepjFnSrOB5dWQds9KpdzrPO8qxiPxZHlZQxbcknJJpBJ/WPzpZP1O5oV5MoUVlbZj+0azzOTh+pwrfuNGRsgjuDWdn2IJ2Ip4oTIyjPWZ3zmi7c6yySaVZv1QT8qojnkz1PCbVYuB8VviPyt7bXihuq20SsqqPeQSfh2pn2fYm0u9zhLgnn3iTetz27W3APZTzh4S4f9pYvFb6nFeb4ZxaLh0d1FLDLKlz4bhoSuqNlXSchuhGOvSvOd5FKvZ0xqKTPQ3b6UXc/etSfkrH8a4byMvGH8MZaXhhQAFR5jLjmxAo3HHYLgSCK1ugSwI16NtOnGce6uXJes16LkQv+YaILnUTqfVqOBWx4pJNMMprTRvnurqy4lfS26rqWLUNY1ofKhOQNjuK5BuBrkmaPIdZHKQnQUkzqRottipwRWiW4vJ5hMtrOSFVWEcUjKwUYwRg8+tInsuJRwPcyWc8ECKuHn0x4yQdlYgk9cAV0wil32Rk3s+iPxWO0mEFwjSskVqZbvht3O0TSywpK+ITIdgTjyufdXUin9oiSa24jcvC+QrRzxyoSDggiZCQR1B3r5ZbcVMNuYRbKW1SP4qSEEs++SpGOwp9pxm+h8Vop44w7hijpI4yqBNWVPoK5cnx5NtrRSHF0rPpbvfRjP9oJpHSa2hb5mMrSWklkBEq8Enz/AHts2/ykb8K8fB9rL6PCzRWVwnXUZ42+DYP4VqT7UcPJBbhrI3Ux3kbfIPGv41yvBlRVJHZk4dwyU5l4DwXVz1wSTWzH3EQn8aAsI41Ithxi1/3bHiyToPdFO4/CuePtXafo290AeniWz/g4p8fH+ETHMiXqEfpezpIv/wCJyfpSuOZdoNJC7i0U6hNKpJGA3FOHSW0h913ZAL81NcC7tLqIs0Dh03yI2juFHqHjAb5xivVtxrhWkeFeuhxyeG5QEdjrjrM/EOG3WAVspnGwbxI45f8ACdqeE5x7Q/Hlo8b41xtu3+n/ACqxlbQWEkurIGnwRpx18xOfpXoJ7G3lDPCXhzuPEDY+fL61zZ4HttbTKdKc3j86e/K711xyRl4JSxziYBPPvu3+l/Kre0TjHmb/AER/CrLe2LEBZH3wDlccz763yQCOKOYyxmKVdUTrIuHGxyM79R0ppSS7QsU30zn+1Tci7/CBf+mqNcyYyrvkEY1QqB9FrZK9vFGkjynzahpUEsCvRhyB+NKEsDjKLLIMhT4YD6WPINpO1ZNd0FqXsR7VLy1vj0gTf/hqvtUnLVJ/7dP+mtS62aRVtbv8nuxMYCg8wAS2PrUlEsSh3trnSVVgVCNs2wzh8/SjyjdC1Iy+1P1d/wD26f8ATVTck4y8nXlCB+C1uMBywBQlQARqOSx6KCN6Q2AAdI3wCCcMpIzg52+tZSg+gNSXkQ1wgVCslwX/AEg0EYUfsnn9KWbl+eqTP/oqPwFaHKqRq6gMCNxvyUkdaDhUTxGYaPDEuQcnBbTjT97PwplKAtS8Gf2lu8n+kP4Ufa37v/oj+FPeNlkSEqfEfRgDn5wGUEetL8SD9b8ablBgqXs9aWBP3iR1OMUovzqpYUst6j5051Fy1LLVUnnuPnVCfUVjFiaozYB+NVLeopbthW5cjQAxTvgZHMAY91ZXfIOOXSrSP5T7h+NZS/MVeK0ck3sjPWZ2yR21Ln3ahmo7nNJdzhjsMAn5U1EWz6leYniu4NQUTW88RY8lDIwyfQczXg+HiG51wTsEniUMGZyqPHyzt1HXevaJLFLGJfvRyRoxzyZHAOD784r5/dp4F88ZVVVXuI1CnIwCTz+leb8ffKJ3N8aZ3oI+EW5drie3m2AVGAZF9Qd2zWpeMcIt8+DFFnbaG3Azj/eOK8yYS4j8OVtbIJCgQ6Qp2yWG/P0qrRtDsxBYjOQSR9RTvEn+5lFkvpHSu+M8QuXZjcTIhO0UTtHGo7BUIrlyaJWJkDMSc5LkHPfNDNDJq0YKPQj+3ZJimiABEXwkEYIzqILE5Yk5zv8ASlhsbbbfX1oTHKMP671RTlQepANUrRN6ehus+lTWaXk0M1gob4lWDg0jJo5rUY0BnBysjL7mI/CrGa4POVz+0xb/AJqzBvWjroUax/iSg5DDPp5f+XFNj4hxGIjTPL7ixdT6ENmsWr1o6vU0HFPwHk0a3ms7ogzwJFMTvLApVW9JIxtv1IxW2aRJIjPIIyqxCFIYGbGM+UsCBnke+K4xbNOguHiOVx12OCNxjrSzx2tAujbb3HDQkK3kU00ba5JFFy8aFsAKFK9QBg5FdZL+ylEsUEfssCRqvhtJKIMLkhgLfcc/Nv0rzSRvL4wbTiBWn8TG+GI/RHbrtTop0R1WMqEkIcthdRXbyg4zk9d+3aoZMKe9iQytdnZl4rfOSkE0KQRuyLEIgI3jxp1DxiW1H171m9u0yIGRAfEw5EIBwQBjbI9eVZZprfxoyIVJVhjxGJwOY1hjz9c1oa5llVEcJpUgARqodVJAJSQjocUn41GtD878jm4jYAHRJEuhAFM8bySeICQxRSvX1O2flhklMzAQzKwAfAPnDZ8uQuAB0+VOe34bIpTxrhnQtJmRY9J1Dco45jrVWt7WKQeGMyJrLqAGY5Gds7b55g7Y5HOzR4R6BLm+zAVniH5QsDllKZO2+c8jtUW9uZPBjMepgxwUQeI64Clc8sCukto10IVtvCRm0/nZtJKgsQpOM57HT035VqgtvCkaWBVjlRZGDvKqrHpXDSAno+6nv6DmHmhW1sVY5Xp6BEyPHKSuJljeeNggZmhZkRklyAPLjUpx19M1VOFcZkVZI7WVkcBkbwpWyp3B1LsfeKwNeGeVo1YxxmNRpd8eRPMAxGxG5x/Kn+3zp5EuZgieVAJnwFGwG21ScJraKckztFhVC9LL1QvXolC5all6oXpTSUaMNL0qV/K3uNLL+tKkfyP7qFCt6KSvgY/Z/jWUvuaMr8/ePwrMzb1dLRxZJbCxJO2TntSnDFWHUggBdzk+6oXPejAQ9xaIThWuIFPYAyLRI3ej6Mo8O2VfJqijhjG2CdCquMCvD8SCpxKULIJB40zFv0sknIY8s17cPGTMDnUFD4/VLMQAR8K8JxEaeJXY32uJj8NWa8z437mejk3FFYmmjbWHIIBVMHYLnl7qbqnnYKA0jAHSqrkgczyHKre0WUX3LXxT0a4cke8ou31pb3t04K6wiH9CFRGuO3l3+tdW7GUUkNW2k065pI7ePoZiS79PJGvmP0pTmFSQjM4zsWGnPrpGfxpBfJyck9zuarqoqOzWXkYFTsKREx0c+RIosdqXGdm/aqiWiLf2Q7UamarkUM0KGsvq/rFTPoKrmpmtRrLavQUcjsKpqqpmjU/ez6D+NamByiu2NyO1TK9vrSvaU7N9KsJoWOCSvqw/hR4sT8kX5L5HY/OjlaowKgEEEHkQedULk0Ksey8zHRAVyGZXBx2zjn68jSQ+GXUSApGcAch0HSugllJ7JbcSmQvYpP7PIo1qdzu4ddueOtbzwaORJpEtFVVxoCyXGuRgMnyMSSOxHeleSEVTOeWOUpaMyC2kR8ldUwBhYkDScklW7jHXbFLV2Yr4qsERgDyARvQ9+4zXRg4ME8OQ2t1oLJridpACpG+MDUdQPzHrtufh58OWKNGa3sbRI1ynmkLOXcCMAvncDJ32xnFcryRT07LrHJ9o4rS+JKBkrcjESOuzMBhVWVF2Hv8Af0G3QcySErLkXKIiqNSRrG7DWuhU3wOdNSxWcwrDYOsayFXcMUfWBrOuU43xjkvftvLq2nlEkiWzl4is0ZYuQEGCfEK4x25/DfaM5JtDxi0Z1kubUahEpKqfEXUpTlkEeGeWxB7e409ivskmtTrddYl0KpA06WVmU5OvKZGOh5A1kkuSTlrM6HyqrFHLgkbEjtnl/wBqkM7nBXzPpVQpMgVgGxgnPLln+VCUG9jKS6MzvFbi1EkTlvzjaioZw4zq5csYwMfjWc3cBJOmEZ3xok2+TY+ldZJbY3QNzYxXsZWWQLM08PinSo1iW3xpAOw299ImRGlmaOy4bFGZHKRjxCI1J2XLPnauqKVfYhJO9GwuO9LaSrFE/Xb5ClmOP+8f/KK6NFuSKFzS2k571cxx/wB43xUfxpTRpv8AlD/l/nR0K5lDLSpJPKf661dok/vD/l/nWSchNgSc9eXWihHMrI/4/upDMe9B2z8zSixqyOOb2WLVXNVz3o5FESzrcP43e2txbtNNLLar+TljJBLRkFeZ3JXmuT0ocTnguOITTwNqhmYyI2CCcqOYNcrNNU7Q/wCOovGk+SL4sjf1Y/POgSaoTihqpTtbL6qBNUzRJzRoHIDHaqLyPvpqxSykqi+8k4Ue81WOJnXIK8yNzjeiujnlL7ImamTV/Z5P1k/zfyo+zyfrR/5q2g8hYNQsFGT/AN6qwKEq2xHMdqUTqzn4UyjYk8lKvIWZm67dBQwKlHS2NWPL3p+jlbvsGB3oEYo4IAJBAPI42oZFEGi0crIcc1PNTypuRzHI8qWkRkDaD5xuFO2oehqAsuVKkFTyI5UrSK45uOmen0tcRcF4DFq8NI477ihXPl1flRGc9d+3MjtXomkOofcDH9XfG+Mrn5Vw+BnCXMk5f26edpJmlYapVP3SpB9+3rXWL6S2eg26EenKvF+Qrlx8I9XBuPJ+RplkyR6Lp2OwA7CqB2P3QDjUcchv03pXiDAy3TGAQcZ9aq0gOo6hkDkdl6Y6VFQL2N1MQx3ZlBIwd/QGqEsSDnPYc+Y3zSmdgGBOdhnApbSp067A5G3bNMoC8hviPjYldOWG5AB55xVGYHbAx88ddqX4gO+BnkTyyAar4vLIBHoeveqKIvJAeKLH3cZJOV2JJ74pXgQ9pPktFpj1zgb7DJGOtU8T0PwI/jVEmI2hRkXuPmKWZB3HzFc9v3Ulq9HicbZ0jIO4+dLLjuPnXNalGjxF5HTaVVBJIwBvWC4fJH7O2PfSCTtQHL50VGibkWO9DTRoU10DimTAoYo0a1g4orp/nTSylotIwoBUA89qX3orzj97VmaOnQw0M1DQNKdcmEZY4UEseQAyT7sVris8bztgdEU+Y/tGjY4xOeoTY9aef0qVvwIUlcJE4QBVAOAKywZEa+pJptx+al9w/EVjUnA3NZLRKXZsye1TUMHcYB39DWTLdz86qxODuedHiay04Zk8Y4CvIUUfpeVRvikCo/Me4UB+41VaRzydyGIFOpn+6KZ7RJsqaUUcgADtSx+bPvFUHOhVhuujT45YCKbSRkYYAbfCs8i6HK52HL1oNz+X4Vab7y/sj91FKmCTtEico6kfH3GtzP5Ttq2xjvmucvMVuXpSyQYPRoF0XRlZGBIx7uxpkXEL2HASZsDbS/nXbsGrKKr/AF9aRwj5RZSl4Z14uMt/totuWYmwfeVP8a1R31pIUCzb55SDQQO3m2+teeoH9KpS+PDtFY559M9JLOI11O2nOAGPIgdjVRMHGYXjc8wA65OBnpvXO4XvJKp3UMMA8h8Ky3oAnlwAPM3IY61JYl0WeV9nbDkgHOn0yCffkVRnyDy+gyay2pJgUkknUNzz6U79T3H/AJqTjTGUrQGYENuedK1f7w+lQ83/AGZPwNLAGB7hVFGxHKj/2Q=="></p>', '2024-01-16 01:00:00+01', 4, -2, NULL, '[{"UserId": -178, "VoteType": 1}, {"UserId": -170, "VoteType": 1}, {"UserId": -169, "VoteType": 1}]', 0),
(-17, 'Putovanje kroz kulturnu raskrsnicu', '<p>Upustite se u nezaboravno ''Putovanje Kroz Kulturnu Raskrsnicu'' i doživite spoj raznolikosti, istorije i umetnosti u ovom jedinstvenom putničkom iskustvu. Ovaj blog će vas voditi kroz neistražene kulturne kutke gradova, donoseći vam priče o tradiciji, savremenoj umetnosti, gastronomiji i lokalnom duhu. Saznajte kako se različite kulture prepliću na ovoj raskrsnici, istražujući fascinantne destinacije i deleći autentične doživljaje</p><p><img src="data:image/jpeg;base64,/9j/4AAQSkZJRgABAQAAAQABAAD/2wBDAAsJCQcJCQcJCQkJCwkJCQkJCQsJCwsMCwsLDA0QDBEODQ4MEhkSJRodJR0ZHxwpKRYlNzU2GioyPi0pMBk7IRP/2wBDAQcICAsJCxULCxUsHRkdLCwsLCwsLCwsLCwsLCwsLCwsLCwsLCwsLCwsLCwsLCwsLCwsLCwsLCwsLCwsLCwsLCz/wAARCADqAZEDASIAAhEBAxEB/8QAGwAAAQUBAQAAAAAAAAAAAAAAAAEDBAUGAgf/xABGEAACAQMDAgQDBQQHBgYCAwABAgMABBEFEiETMSJBUWEGFHEjMoGRoRVCUrEkM2KCwdHwFiVTkpPhNDVjctLxQ1QHVbL/xAAbAQACAwEBAQAAAAAAAAAAAAAAAQIDBAUGB//EADMRAAICAQMCBAUCBQUBAAAAAAECAAMRBBIhMUETIlFhBRRxkaGB8DJCUrHRIyRTweFy/9oADAMBAAIRAxEAPwDzylGPWgUtfSZwYZFFHFGBRmKFGRRgUm0UQi0ZpMUuKIcQyPWlyPWucGjaaMwwJ1keopM0mKMUoYEXNLXOKOaIYnVFJSiiKFFFFOKFFFFGYRRS0gpaIolFFFKESilowKI8xKKKKIQoooohCiiiiEKKOKKIQooopwhRRRRmEUUGkozRmEKKKSnHCiiinCFFJRRmOLSUZpKI8QpDRmg0GOFFFFEcBnI5peaKUVCKHNLzSUURRaKTIooixFpaTNFEItGaSiiKLSUUtEIlLRSUQi0UlFKEWkooohDOKN3tRRRDiKDTqRuyTSAeCIxiRsjCmQkKD9ccU0BWj0uVk0PXY+vAkha3FujpEZHQ7zcYZlJ7Fcc/TB712OUGRIMwAmdOKM0MO9c4NTzJARaKTBowaMx4nWaM1zRTzDEWikoozFFopKKMxxaKSijMItFJRRCLRSUZpwi0UmaSiPEWikzRmiGItGaTNJk0R4hRRSURxaSiinmEKKKTNGY4vNFGaKcIuRRSYoqEItFJRRFOsijiuaOacMTqlrjml5ohidUVzzRSixOqWuM0uTRmLE6ornJoyaIYi0UZozSzDEKKM0Zoii0UUUZhFFKbhUHRKZZ3Vg26QFRgjG0HafXmkrhxgO3UQeKHwFMsQCed2OKx62zw6w3uP7y2msO2DOzmkpaStcphRRRSzCJRRRRHCiiiiEKTFLRTjiYoxS0U4ZiYoxS0U4RKWkozThCkpaMURxKKKKI4UUlFEcKTIpeKKIQyKMiiuTRHiLkUlHFHFOPEXiikopwnVFGaKhIwoooohClpKWnCFFFFKKFLSUtEUKBRS0oQxRiiilFCkpaKIRMUYpaKIQoopaIoUpJVHHVhXMYchkDPjcf3u+f8/wAQYqSQyCNQ9upa3Q4ZSzKDvJLEefbj347ccv4mcVAe816UZYyKRgkenFFduPG/1z+fPeuDXSRsqDMp4OIUlLSU4oc0UUURwzSUUUQhRRRRCLSZoNGacIZpc0lJTjxFzSUUU4QozRSU44uaSiiiOFFFJRCFJS0lOMQpKKKJKHFFFJSji0UlFShHKKQZparzK4tFFFGYoUlLSUZhClpKWjMIUUUUswi0UeVFKKFLSUURRaSloohCiiilFFFLQKXFORMQ9j9KtDHie1X+jj7K1Kjbu4WJsuTj93t7898VASJ5WCICSQeB34HYe9Xk9vJ8+u1IQiXGnQYXA3MYPC6kjsvn9W/DlfEeVC5mnTOFYymu4zHcOuAPBE3hJK8qPuk+VR6ttZh2XKEbNphjH2YwhPibKj0IOf8A6qrxW+g5rU+0zsRuOJxQaWkq2AiUlLRRJRKKKKcIUUtJRCFFFLRCJQaKWnCc0V1RRmOc0ldc0mDTEcSilOaSpRiJRS0lOOJSUvNFEcSiiiiOJRRRSjhRRRThHaAKMGugOKz5lJiYoxS4oxRuizOcUYrqkxRmPMSilxRTzHEoxS0nnj2H86Mwi0UYo5ozFFoooozFCiiilmEXHIAyScAY8yfKjH+Ip+0SSS7so4iRJJcwIjAZKszgbsD0865mDCa4y4kIlky4yA53EbhnnB8qr8TzbYY8uZwBXYGa5GaejGe/51aDKHOJN0qIveRKIxITHOCpYrldhztK85x2q5urVzc3LfLSybtX0p1mgwLZ1RIlVBnGC+Tt48qiaJYyXWq6VCuQZJiUcBjtKxu24bCDx9asNW06KLWZFkhmaSO6gAmEc46jp0wDGRNwQTgYxiufqxutC57TOLAuXPT6ZkXX4ZBGJG6XTaeNY2iUqGk6bdRlyPunAwPIg+RGc2wxWw+KtPktRYs6u2WdVkKSKuCoOxSzt+PArJSLjv3rRpuKhJVvmMmuK7NcVdumoQpKKSgGTEKKSlp5jhRRkUcUZEIopcUgwO5xT8Ubv91WP0BI/MU8iQY4jW2jFW0ej6nJjZZXjE4AC20x5P8AdqunSeGSSEwsJRvADFRgqCTkHnjBqJtQd5BG3nAjJFJUQ3cqsAQhUY3YHODzUrd4grLtLRJMvjRso4yCdpPPqPKq69TW52g8zU1DqMxaSlriVxGASCcn2zWgsFBJkApJxOjSUwZZ3I6SrhnSFcsnMjZwOccGuZHvYZnglVFlVjGwOwgMDg+IHH61lbW1KcS8adiJI/8AqiiCO7mgmuOmpii3s7mWGPARN5wjsGPHbA5x7cAIYAjzGRWiu9LeFMg1bL1hik4pSSMcEnIAA7kk4AFcXYuLaRoJY2jmXBdGKEgE4H3SefUU7Lkr/iMaIW6ReOT5UhqMs7D7wyq8ccc+VPI6uDgEEHBBx9ahXqUtOAZNq2XrOqKKTNaZGLRSUU4Yj4ZT60u4Dy86ifOgBvsl7pt57YPOeOc04b+E24j+WxcCYyCcSsA0ZxiNo8Y48iCO9cM6sdofLv6R9nC8kHH0rrv5Gu5tU0iWw6MeldG9zEPmfmZnBQHLEI/AJ7Va22qfDMkUa/sBmuNpMxW+kihU7sLtU5P69z6UfNH0lTVOoziUx9g3v7fSmy4Hkf0q7fVPh2J5OpoKNnbtUX10FTDMSDjnkFR3/d96hm+0Zkcvp/TkZFaLo3G5STnIwUbtxxn8eeAaonrxBVY/yyu6q/wmjqr6H9Klx32iIw6mnTTqGi+/c9MlRnfgxKBk8Y74x555YWeyCSbodxIzGTK+7Iz/AA4Hp5eVS+YloQ/0zhZY8+Mso58WAccelciZCQSGHk2OfyFOo1pc+BYHQiNidkhkI2nJZ844OQM84x2rtbFWhE4ubE7hhIVuOnPvO7JCMOwwfP8AnUG1QXkmWrVnPEZSaMMu9WKZG4IQGI9icikE8eRkMRnkZAyPrTJ25CAjdnHlgn2OaQuo8JA4wCRggkHyqXjmR8ISQZ4ieFYD0JzR1UOeG7cdu/vSL0HwFPiYHaCVXL4HBLcfSuj8sMKx2sAF28H3zlfWmbyBmAqDROqvvSiVfMGuojYk7ZGkV3XC+FSm9hhdxYjAz3piRiJC20KcghfCwGefLjFVjVk5g1OJcaNGs99Gzx20kVtHLPLFeTLDFMApURB343EnI9lPOaYugyygkWeJkWWMac6vbBSSgWPb6YwR3/Op3wpLaC9vxfyQLaNpd2XE4iO6RQCnTEndhzjFQNTvxPdQXdnClpEsMRgSEKjIY3Zd7bQPEcZP/asnzL/MnjjEmaQa8d43kjgqcg854I8sEU9G+D9386gTXl3cSGWeaSSQnLO5yxJ7kmlWVwD4mxjIznn6Vv8AmTnmYnoJHM3+k3UlvpbXNjpsUt4Y3Al2ySPmOSUssQ3YDMF8sdj9Kh6zqN2tzLdqu/c2ntIzK6dOWeMzKodvCF4K4wc5z+7zcfChmjhhiULParBHcAQwu0zCWAxybmPAXDtnI7r35wZaWthf6NqVy8paGWVb1Z2hO42+n7LIMIc7ioAfPPOSeK8fqfij+MxHYztVfDaggBHaV9tqV9q7WN1fWUXOo6clhDOkzRsskrwSSYJAPCtnjuPbnFXku64uz0VjxNMoRd2Ew5G0biTit3qM11BafCjaaBHBHPZPZyXUOPmJSxYNknzJbcOMZHrWN16KC31rWooWYxJeS8vkHcx3MMHnGc4rd8I1722MjH9Jn12krpQMo7yrLn+H271yXIGShxkAnyyeQM1Jd9MjwZ7aUu+SClxIqkbvvDCnyyKZF/NCXis5JYLado2mVXLncowGyy5/1iu817AZEx11AnGIyXI8hjtnJpXYptyBg/2lqTbo0rxKRkEIfxLYNT20xltruXBYC2lcYTO3bKBz/hQ2p2ruzLa9OztgCUfVHHA74wDzSiQMwVUYuSQFHiY+mAOauE085Uu21VdX4ALHw4x6VMbZaNJHDbqJzbtOSwwMBgoDMPEfXypLe2NznH942qXO1Bn+33lXb6ZfzYLIIVxkmQ5cD12r/iRT/wAto1v/AF911WBwUibIz6Hp/wCLVKltr66im3FiotVkKrlULEjOAPKuL3S3trfWDg/Z/KZx2G7GKrPxFM7AeZI6N8ZMjjUdOiIWCwwc7VeQopPv2J/WuhrMqsAIIBtweTIcMOcjDCq27iaB9xxwzDj1UA/41GZ2LK2P6zn8fOrxfnrMzUA9Zqn+KNdcJIb2cnOV8Z4YHPAJNUksizPNLk7pY5nYOzO2Tz9/GTk1G6u7KBQSoBxzyfMVKjKuLYNBN/4aYsdqosi7G2uu4eR7nBpOy9FlKUhOZSzf1kn939APSpljcwQXEci2+8C2McqM6ne5PLDK4H05/wAoc2Oo5OScKPPvgetdweFxkAjp5PsPPtWReLAZ1GGa8S/SfRrn+shaBjxkA4B+q/8AxqJqVrbxwpJDcJJGQTgsm44dBhcdzz7dqgmbbvXgbuM4yf1olurq5QCYri3SOFQqIuFDAAHaBn8a2veXUpMldJVgw6RlsM0KhSSXcFVHLZYcKKtNKkurW9Nvb27JJfRQW+y4hWWZleRGLxI0LcnuPB29fOuVBiGZs9NLhVlYbS3iYngEjPAPn/OrKwkR73UVtW5uVaCyaQwQBS86iN5HklAUrwRtc4x6DNYLDjJM2g9pWxTzQLdKkjJ1o54mCry6SDa3OOxxg/8Aan5ryCWR5EhaNWZjtL7jySRzgD27Co6lVjn3MhJLIVyvU3Y+9kqcj6Ef4lhnyzbRxuJA4Jx+AqentFbFoMm7gyabqAoyiE7iqANuJ2sCctg8c8CjfL0rxECmKTotMwgXCsCOA4UkfmKiRuNwBUHLKc85ABzxzU+SQkaqlusQtmEc7HwxSbAw2qAJCfPkZb18uLrLfE5kAm04ErXXa0o5O1iM4IHc9813E5j3Ar97HtxSNLLicb2CyuGkXcTuIJI3euMmuCec+w9fSs9Z2PuEuIyMGP8AX/s/rQZ1zwp7eZ86j5pa3DVP2Mr8NY/1/wCyPzNFMYNFP5qz1j2LExzj9R2qZbwqk1s80QuYGJd4oZdjsgJXBZQSvqOKajSWKTdtQMqlgkwyHXzGDxTYcKcjzyGHp9DXNBA4aSye0lzWbYlkiMfTUggGTL4fLAEEDlezH/OoilgRjjzXgEZ9813HGzqz9RTjgx5YOyjuAdu2rC8sbBFhubO56ltdQtLFGzDr20ina0M47ZGDg+Y5+rbkDaDIbsfxGQJ5J5GVpcE9MBSFwCvtgCp2m2AvjKAJn2RPxHtQJMfubywOV9cDNVzFi6I5XCDaCoABXvkVawahqGmx27afeyIyJOyeJAqrMu2TC47tgef5edRewLuQZ+stULnD/iRLy1Noyh23K24Ajg5HB4pq4uBcyK5SNDsijxGixqNihdxEYxn1p54Lu5zPNNHteRBI8jsVRpiQpYY4HHpTyaLcvDLcLc2nRSZbZyWkL9Q4IVYgm89xyAR70Fz1aLAHSQ7co0mwyxxKwbc8obYMDIxtBPNdPCOAjAt4i5Ukq+WyCowD2qM4dJXHh3I5BwOMg47Gpklk8awshEwkbau1XTccBwq7gMkggjFNbNxwTBugxGjBKp8SNjzyDSYwQCMAd/pVgLDVY0Xo213IeBJCbO4SaMkA5cAEYycKd3PpXT7rWNo73T5be6k2GNpxJFtUDJPTbvmr9ynvzM7lhzjMYspFjnwFLB0kiIaJJGZGGSoVxgEgcHuPKr+y/Yt3dTQCI6dBCty0Q8Mlw2QMRTNJjODx93PPtUaxnsGsr9Tb2jXB6SxS9XEqFg2eimcnj73fFMWqwzSqr9GKOQr9szMdmf3y3Jx+FZbEFmTkgg8H1/M0V6k1jHBEV7HSFQ7rmXrvbu8SrA215Q+cJ2G0gMGJziq9LTqvGkJYs7BFV8Asx7KoHcmtCtnayvYJG6ywJqQ09JAZmEqBDIsm2QkhST5AD86thcaXptmpvbTTw0sjLbS3lpIWMYQiR1jO/d5BSSMZ475FTXCsL3JgVNmWHAErtIh+H5oWstR0m3W5WzeSG6W9nt5roojSsV4Kbtvv+GaqZToc0M407SmR23HrtezzpGiOoLKjRqMHyzyMn8NlJ8OWep28F9ZXZhhlsZI43uTcTGS3nTaP6OoVUYD7oUso9D3MeHRtO0MXF7uEUNtFI1w1vPd3MlxFt2FJ4JY0iOc5GCpBwQfDXLS5DZuDE+3M0CshcMJhZUUfLqiZflXC72ZmyTnHlx5CuxBfyHCwzMcBRuzhRwoBY4A8hyRQ0kspN1ZWzrBDIxXd9oVCpkh2UAYx/o01LLqgV5naUYwhYAKnhGzlQNvt2rvoTtyROe684BnomkahcaLHaNHDfJJNY20Uo6UEwD24UEJukztJzz51K/bESRQIkV4qQwTWCQpZWew20wxISN+eck9/wqqti9zD8OrKWWG4sU3BWZcAQodytnPJz+dXRttAj09WKMbpgskRS7lctGxwXxjZhTncM5AGc88+dX4d80xIzkH/ANm274hXpgN0rNQ1Nr1LK36GpMmmvamzCW9vEsbRBUj5WTJzgcGs9rcdxJrl8PlyDdXTOsYaJpY9xUETiM7VbJ5GfOre5MSS6uy9Vooo7AsRI7eGQ7TnnyPGaqfii9v7a+ubO3WBLEzCa0WOGNpFjUsi5mK9U+ecsf8ALXoKTVY3hjpwZVqrVtCqf5uR+/1lXIsHh65mgG+RoVKeLG7jJIziurWDqMm4OsZLYcjwkt2G4+ZquM99PNEzAEhwVDRkx9wTkHy9aTrzrNJhiwEhYGMFVxuzuRSOB6cV02L9pGoKOs3cfw60FpBeRSBvFhFIjO0rhsOM+VR728e1ghjuHIUZWOKFemJWyXywHHn3/wBChPxDeBAhuLsAypKuJDnac7t5zkntimdRmtJWmuLO8v5wI7eR2ugIyJyzBgihmyo4wT71n05tTJswTnia9RZU6gLkZk6XUooui8sRbZPG4VTtLAfXn15ri8+IYZpjPawSRStCLc9TZIoAYvke/aqu4jgjQlputcSxI6NI52pzhuwAz/KovRlLBGdFkIJ2yblPHPbHn5VYQLG3E8zLXaVTap4m9HxPpEOm23y0TS3rW0cFws0TJGhCjdtkB7k9uOM5qBrHxPZ3lvqMdusmL57Hq7oyoijhjIbDE/ezwOPLNUVlNYws6ahI8/2boELP014yNp754wDTUckNrcRXFtKpbEm0OqyKu5SuCsg2nvxXPr+E0Ut4i5Jz3MmfiNjtsYcfSXuntpuqTahI1tHLIlvLPFDduqF+im44csBVFLcNIHMdtZxjasq9CIHZglCp3Zxk+9MuY1OAxADAY7Ht7f5URSI0gDSZB3eN06mOPJRiuqCRwTMxYMN2JGik+1XewAJ8R8sHvV+00rfJvNKylrKfY6uZGEO1yu7bJkHII28YHlzzQnHUkMcZaMswUlQD+QyB9M1JldYYY/tVlkwU2FX3RgjPLHjjNSRwOpkbVDYAkadXV5Aw/cjbvnClQR2pxflYpLdo59+6BGmLRlBHK2Q0Y5OQOOfeuVMcgIICgqSWxnkefHp/jTEm0ABexGffHlmovcFbKmXDkbZ1LInUyhyoxt4/Hzp0Ojq5UqCApYeZG4AKufMVDpQSrKfQg8VSNSd2TJlBjEnKYAbfrFlJul3ODhUjD+PIAJz2xgeXapkm69vb+YWt3eRok0u+JmJCNIds0jiIHBz5qM+3aqmbfkKxXjxDawYeIbu4rlJZY92x3XcNrbWI3L3wceVSuv8ANx0gqR9EfxHYMGB3+0A8S8+NN2PwxRJAixRTJNHJuCiRFJDxOQfCwPf6inIrq7WKRIGmBkjNvI6vJuMLqQYMA42nvjFNInDM2C+TlWVvCuPvE+/YVMBmbGMj1geI3GrF0G0kswAA7kk4GKk3EMsLTx3CMk6N91wMnB2nkcfrTAjywAbJyBgZHf6050iBlgdgbxKZFDHy4B5/StCBlzxxExHrGCPvcedO3Nxc3cvWnffII4YgwCr4IY1iQYUAcAAV3bxRvITIkzR4LHpOiuACOcvx+ld3Py8avDAk6K7I5Fw8TEsu4A+BB68c/wDaLISC2Ig4ztkPa6ntgg/rRhv9Gux1nDYAbGGLeYAGO9IFIwQVGSQO/GB9KrRQexk8zna3p+oorvDfxL+Tf5UVbsT3izHprya4wXSEEKFykSqcA7vKuI3lMm0CMMzMfHGmAT3+8KsIWu7h1jj6InmcbMukYLcKMyMQgGO+SKvv2VFcrMZjcvJtHWKncHkCgtsYKc89sHyqDIqgM5/ExvqhVwRMpK91GwDBMsYnVo40AITIG3aB+NdyX17KFV0i7Mo2QxpnPHZABmtYNEtE6KKb0GRJGXG8hSoLZdtuB+dZySw1FGRo434YspeSPcWPJPBzzVYdOqkxJqks4MgFZpAp2INqFQAAvC5OSO+TXKBcoHBUZwWwe30qd8vfbojJER0wFJLKSNpLeufOknkCgJJG7Nt3A443EcdvTitKomM7pb4uTheYxG91A7vbTOuwF1OcEpz3U1Ot9U+I7ZZILe/dEkSSZlVo8kMMt4tufLtVcZmeTfIhOF2gISoyO2c5/GuopsTIJkiKLuBEieEZzjO0ZrKwTtLvNI8kkksjyyHdJIzO5IHLMck4rRaRqeoyFDLb2l3DaHdDHdRKYur01iRQq47ADHp+NUMFuZ5ETeiKwYmRzhFwPPNS7a7ksWmgEAd2ZchyVIZRgjC8YoqqVmBs6RWs4U+H1l4vxnqUfXEen2CvLMZp2ImLtNv3qzNvzlTjH0qrvNe1LUYRbXfQcFoy0vSCyEoWIBYHGMnJ4/lSw3kJWz6hnSVZ7yWXwW724WSPAMcZXduJ75J9QK5t4EgaGK7jRGkjiuAJSrAwyJ1EbKkgZ8wanXQm4AQe0qu4iLBbWqIZxcxJcRqGEHSmOXCldokLY58+KduoLfT7Zo0dZXlWFmfY8R27N5QrJyDk89vXsarZxG00piLGItlAeO/t6elTLZrSQRxskIlLBV6wdo9zeEM3c+lXtXt54wJUWOB3zHZiiaXCzbwzSRAMmSQJELEZBHpUXrs8MQctIIIyirgAxxAk4GR25q8GjlRdIt601qkIW8inhIk+ajXgQDtgFuMkYB86roFtrSVmVv6VbkqEEbk7mUo3iDAVzKWSxCG7TZahRhiej/DihYPhp/mMTT6JDH0gGDpEGLLIrg4IJOD2/wAqK5gig034pljuhMD1oryJImjEVxbzxsIw7eIqA3iBHOa0VmBFc6IyLlbTRtKtvtC0NriSQSM5nMbHILYcY4AzVKBHJp/xxDG4LXsV5f5uU6SLO8kO6OBgvjGF47dq49QIuLD2l1tnABmMlv8ATZesGhz1EYIYUeNY2IXxhQQCRjA486jx3lu8ttD0CYBdRNHGxzwzgtv9fxrkRyyIsAjZQg3yu5PTjjB8TkKCQB54yfY09pNhFc39sJN3QjZ5GMQMm54sssbBtpw2ASeeD+Xob7jWCfaYaqQ5H1m96YM/w+kSffi1FwDwMxvjaPqAB/rka2h69siybbWK5a6kh6dwZXu3xEEIBA4AUDDDlyfIKOrBXL6XIiIBbNqRKSAH7SZFlCgEYxknGTVHc610764lMtxvtZ5oW+9hxHJFG4yDjxFw2e42+4xz6b3oyaj1/wAf3lbVLqSRYMbSfyTLPUY5AvxZ1VAY6dp1xtznZvmACFvPA7+4qn+JHaObTJGt7iW1htIBcCN2TaDIwKdYqcFu3atFqrRLBrElwozd2ECIsWG3vajrMrjyBO3OPWq7UIIL3SNKvxERcwzLpokDYR4hCLgkq5zlc4Bq3S2IjFd3J/zKrUewo23hTj8TF3DvwZIZI1YHYNylgfRjjg1zJLA/Q+Vhkjl6aIwll67TSEkllHTXvngYP1qdPbyF4o/sZ3mLBI0EgVtoB3yNn7q+dSLaKCy8bdSW7ICPK+GIwANsYLcCuscuwC8xlgiZImeMTeLqsyMpIIKnAP1pFiG4DJbPdRxx7ntWimeNpBIcLMuHU7VI9twIINVMELSy7HmhiDOftJW6cbIWwTkA/wAqhZQK+TyI6NR4o9I307dCS0ZK+POZCQu7t2HlTlzJFOwuGk3TSFAWLyNIcLt5LD2HnTssdmCFS5Lhkw5iznd5gBgMioTxQoFZTMMsO4AGMZzmpZUruVRg/TMmP4sEnM43BpQZApGWyXGBz5nFSClsJGSMQPtLAPltjAEgMNxzz5DFQmcnzJPP3sHv3pRK3g3bWCqVAYZGDnk48/Ssm8LxL9uZPkn6e6M9Bg/JIXkZGCMrTAkEWx8QsGVwAV3cE4Ib/Cu0eOWSJlhtY/smQpzgmOLl2DnucZ486kxW1oLcSsZUndYWhJjDW7qzMrtK0gwOx2YzkgjyrUrM4lBCoekS1lt3GyRumUC9IrEpDDOCp3cZ86dmisY1mA6soMpVyIlVsDODgnIH4cdvOowhQt4JHDb1ZDlVO8kYI8ganraxXMt4bm/nZxMCz4jJlc5yxbnn1qTCwdh+JDfUIw0OjmK5frzJKjMsNsts+6XnbneTtHqQfWqmRXAQsrDPGWBA49M1podHsXfIvbkscj/8RJz7EVX6nEiN8ikgLwT3C/aFRiM4ZXYjgZrOKUYFmPIjW0bgF5lUpkSNykigTgwyKMFioIbBHfHauBGxWRjgBMZ3HB5OOBU5tOl3I0DxGORlROpKgYEg8NwB3B/Sp1vo0rRxfNlFad/sQs67mGOc4BGfxqoIh7YMva5VGcyhwMAfWlVPGgI4LqCPxrQyaRYxh2ZLwgbhsRo2fcoJJzgccE001jaRvAhtb4PLkx75YlVioyRnGMjz5p+AGPmIlPzaEeUGQuhEnKgqRkghmBB/OmsCRS/QdmGCfFIcrtJ3Z7+XFWccEE6uIUYF5BAjyz7lDtwNxjU/6FPpDrsb3Ek2oMHMCWMsi3TMwTZ0kifKnK44AyPrWq3aceGB+/0ipsGf9TMoQFKmQQkKpwGzIVLfwls4ppVMzPjaCEZuWwPCM92P5VdLotw5e1S6JZGUmMlumGYZyR27Vxe6RcQTSrZKzRwrbxyt3be0KyM5HoecVlat7QOOO+BJjU1BtoPPvKQdxnOPPHejJyDViLHURt+xkfKsTuT95jggHz8qdu9NeGO12o8t1MZmkWIEquApCqFGePP/ALc1HSWqCeQJZ8xXkLnkyCpd0LLEmAVUkKPvHt3rtd3cKQwJOF4KnzwK7Sz1EKoFpcjbIHJWJw3kPTuPKmriK9hctMk6GUyMDICruAeSfP61et7VpuZY/KxwpjnVn/8AV/M0VDy/q360VX88P6ZLwveOb2KlCcLyceW7GM1rIde0lEm3TayGltIrfajQhICiqpa2BPhJweee9ZMDYULDPPYg4q1gi0s7GvLW5RJFSRXgclBGSVDEctjj61JkFg8xldiB+CJoB8UWEMsFsiXlxaCJY5J7iQLOxbG5ygGGYcjuM+3eln1DT93HRZJIlcNEjZk3Y8Dkjdkc/TH41SXGkqgF1ZO1zYnJIiIeaNf7IPfH+hUi/tIVktxDextANMtbiJ5ti7j0QxiQQgjdnK8+YOao2ipsCc3UaRCR2zId7qUa3c/yqCS2UFIOpuXnOd5Xv7Ypm7u7/aC8r/bsJZCSpIk24PT29h5fhUiz0e4lkmMqqGRIn2blOBKNykkcVYfsCRsB8BTjHI8/qa3V1eTcTNKKiOEVekyuQcct/a7fpTjC2zNtM2OOjuCf3t+D+WK6niEckkWVJjd0JBznBwO1KkaMrElRgZxnBPlxUQhmssBGk2F03MwQsN5UZIHngE0oUsQFyWYhVAGSSTgCnIraSZ1jjaPcxAQSSJHk+m5yF/MirfRraC3vLW/vpIVsrZpZ1xLE7yzRKRFGsYO/JbGSVAwM0juA6SQK9cy11f4e0nTtFuLiJJHu4/k1MskrNhnYB9qjCgHyyDWf07Tvnru4gjJIhhkl54DMCoVS2QBnP6VotZ1zTr7SLuxi+YN1I9sdxVOh9m25vGGz9PDTltrnw5axLDBBcwoqhmVLdcZCjcxbeST7n86oDso95PaG57SnvfhzUbK3E4WK5QKrTG2LloSQcjY3JUfxfpUAmxFr1YIJROuwCR5kaMSDGSY9vb0yfqK1j/FOko1qYjdFDJKZt0CDKiNtgHjPdsZ5rl59D1C5e+t7bqw2jB7u3ljSFZ5Sh2zOgzkrz5845qL3sqnMBSGPBmaE+qLMbc3Vq5khVd9s0EgCsu/asqDg8YY54+lLaWtxc362KZnmZ2LmNiFeJF6zuGC5IwCQcHPpzk30Nzp+uyRLDFJDPHtBuelBGwRk6bwgKrKRzxxx+NcWl9aW/wARTXkzLamOxjtbYnd8siPZi2JmkjUyAhSApVD4sdgM1yxc27Yo5Iz+ommysYDZ7zZfLqdFntIfmbW5S3t7SNbuCRZCkdvGY5JQinCOQ20nzJ8xWJ1HU5bS2vrO7ivIrm4tjGokSPaHDKGBO7sMen8601xrOkS2QiTUdJguVhgt0utP1G5SdYIHEiQyrdwYdB5Av59+cVR680nxFq/7Qgm0pra3uwvE0kiyhmR8GN0xz2Izjmp6fK53DiVW84mKeUSeJgAfarP4b/8ANoD/AOjckf8ATNWOp/Dd1LrWpxJNp8K/M3LERpNHFBGGOxSFj2biMcAnvT2maG+n3aXTX1vKI0mQpEko3b1KkhnAGKt1DhqWx6RUgCwfWa+yIxECcfbEjtk5iTtWC1ERreartLFvndQ6gKgBX+btRhcE5GMHy71tLdgrWZJPikwOfPCDkA1itSK/P614RkajqAPfxH5u15NZNOc1fb+0GXFpM2+skGCaM7cpDeDjg/1K+eKhyyRw/DFmzbiDre0BSQ7EWcXbHJ9ce1O6zIpF+Av3I75Cc5JfYOcCojWsV/8AC0EcnWzDrMk0awyRRMXWxQLmSQFQPpzWbJ8fPvNA4pAjFxHewSrF9l0nJ62CuRsGQV7/AI81nbzUoVfbEOow4LjG0kcHbxk/Wm31a5ik2yxRXEJXc8N03VG98GTcUwSSQcc1orCbTda07VoVilggs7OKVrWKZFjj+3RV6ctwCB3z3HmPOu6msaoYH3mKzTpbyZlheBtxbfxg8j1qKTjJUndkn2705eC2SWWO2lZ0V8Rs4ALA85I7gjsRz2qRC3w4EUXA1fqbAW6D2uwtjJA3rkDPvV3zT3LyJWKkrPEiRSCPY4JEiNuVlzlWUggj6U+Eur0RJC25neRmR3VftSm53JfA5A9fKrOGP4GkYLLd61CPHy6wMBgLjIjjPfLf8v8AaqJeSaBGWj0uG8m8S5uNRkTDrjnbbxqAOc8lz9BmkGJ4xDvxG7TSmubaa4aeCMoPs1dlG7BI8WTkDjjio7WzZtsGIb415LqADuK5cntUqK++yMa2Vmdhw8wR1IEhBGeQvlgVcWGj6hd2z3Hy9j8vZm/juTK6l42hXrYIPng8YP1qp7RXyxlqgtmVdvqxtLOTTWtLB0EvUZ2hDSOw6nMkqsGONw24OPCPQ7m4boSRRWsl7OsB6YMe4mIsjFlJT0BZj386fnkCxvc6awVYAILpoIgExIfCzbgcBuRz6VUSFmdi/wB8liTgJyTk+EAfyrXUdg4wZQf9QdSJpxoTyLu/aFrGvTMi9aJgW5B2Kd20sfIZ5rptCuQyuNTiMlxKCwW3cbWdv38kfXAzWdGoakIltxcy9FTEVjyCoMbb0xkeR5q1T4kuN8LSQKVjuElKq+3EYXBjQ7cjJ5zk+nlSey9mODEKgFAPPrLGPRJox1I9WU7AxQfJzgyBTg4BOf8AGq67s7V3lvhqEMokvOlcpBBMFUvGzNgT4JPHb39qnN8VWrxy5t5opWUqqKY2iJJ27t5wwIHPnzUC+1i2nt2t/HPi5jkGUWFXiEZB37P3snHb8fKpMWIwZSiuG6Rq8F3A1oxnj2Kpe2nAX7VXUNtYIWUHGBgnyq40/UdPjijSTUYY5Psy5YsMnCg5KoRxzWZhWS5DItshTayqRvVI3bsxYZJx6c11LpcqKOm4kbzA8Of/AG5qnzjkCWNSrDaZpZNW0JmBN4AFlZn2W5mbb4/upIAh8u58/aqybUIJbxZ1ntOjbNM9r/RXW5mbna0qopQM2ASMkDNUU7Rs52QiIKFQqGJ8SjBJJ9a5VtjZABxnHemB5uTAaZMH3l3FdTX724u76xg/pPUw9r0kyuMFnhjA57d6uBd3D5mkuoktpHl6AjCKwiBIUM8i8knjisgJgFXKhjuy24dh2wMUwST61J9oHBzAUZPpN/aT27MiI0nXhtLhr5pZo2jMhlULsAVduBx3ps9Mtq56mXcIGGAFQC2ULtfPOeT24/GsKMdJ/wCIspHfOADnmkTBYbyQv73f/CrKtWawF2579fX9Jju+Gi1i27HGOnuD6zWI0KM2bncOkwyzZkDM4GM98+lRNTcCCDZM2UyoYOOowbGQcHOeMmqPbFknJA78c/hzSbEyf0PP610C7spXaPv/AORpogrizd+JdW13F8oyPLKXRJsPvwVDBuGUnk8kd/MU3CbKSGRiI2eOEkGRkEwG5eF3ZBPOO3bnvVSFjyMrn8T/AIVIWGFgMIufctiqnV2UKVH7/SWmhEJIJ5j/AFLP/hP/AM6f/Gimvll/4cf/ADNRVPyzen7+0MJ6n9/rDfG6n7EEMx8I3YT02tzXMUbqytCGch0bogM2SDkB9vGPKr66t7a4iDLpMVmdw2G5FxbMgBwyusalWz5HAx70xDazxOzR2UgG1yRa3DlZAMAbXjl9/wDMVSr1Wex95vep6+QCQfSMwpqNqTdiOW3Q3Lxb1jPQmZCC6GJTkqM4yPXvVpPZSrch3tYoxchpoltpUniXLYK7l7YPcEAj9Te6faWD6JFJdwzWsVhJfzBI2+ZAZUU9RnkdsEbVIXcBkgdm5roZlmS9vrhSqvDJZ2iIHQmd06wkACggnIK88kHyHOCu5XdkbtKdWjhFavkx/T/h7VZ4eokelyLcDfClzlJI4VLRrhWjPHhJzn3864l0x7cXMkkfw4ojzt3M7EMrBThUhyxB4I8icVodGeKFvh+S8Yu9rpiXe+IvtUbZbliHTBzj7oJwTkYrm4ETtq0cHTjgsfljGUIRUFwDcvu/dUqGG7Hbz782rqrCdmBiRFSrhyeTPLbuE/MXJXaCZ5RgDaPCcnHAGPTiooIy3oAePerK8brSzdEo4NzdSIVbmUO2Acf41DS0uC4RlVGI3ZkZQuB5ls1swccCTVgf4jOB+7uXGQDyO9L4c/XgY/xNdzRywMqyFGLLldrBwBnHcUiQSujOoG1TgkkDyz51PnpESOs62vlkVGfaRu6eXAz25WuQZOQN44ZXxkYHYg/41MtLp7Le0H3pBFu3cgOhJ4A4pveJHkZmGWLFuwBLHNRZsSSoWjcRjjmhc2wuAqszQvu2MCpXJ2c8ZB/CnbTUZLOO7hhAX53oI0kxL9ILuUsNoBzz6VIsIurdQolt8wm+FbhMFgsMjrGSxB47+E574+lbj/Y/RGUMLCYAtjaJJml74A6axFvSuZqtTVWdrjrNdVT4yDMLZ6vcaVcdBJhd2NtcSmEeII24hWlhDcjcAO48qZkvoXu0ubi0EsYjhV4HkkSOTZEIuTjd78Hv2rf/AOxmisSPk5k2rvJla4iJHfwiSFR+FQ7n4f0zTdP1O+tbZxcQ2cksD3AkYxOrKNyLKo9eDsPbuO9cyz4jpqmDYOTx95oFFrqVzwOZ58gYxzMX4Qp4SSS2444+lWmhvcG/t4YZJBbvLDLehexihYHLcds4H41AW0nkG5NhDAkbpFXPGTgtirb4ZE9tqkU0kP2YVEcTK4V+pIu3BHuBXXufbUfaYlXLYll8V6hq1nrN+1tcMLW+6VzGSisC6xrDKEMgyMMpBHqKY0ea61FryO6uLqJ7eJJVki6aE7mKMrq6EHOSRxVp8SaRqOqz200TWcUFnp8MAE0j9SR+XZyAv7xbjmpGr6Te2DWN1M29I9KtNIl3yO7/ADkILybQ3IGAM++a5b6pfC46kS9E8+DJqpaq9mG+akMcJeN2lOUxtXluljNMPpuiys7SWruzszuxcbmZsMXLdLk9iTUK3mdWhKQTThU8QiaIFdu1gv2rjv2qNJaao8VxdJFMA2rmNfthv6LXAuhgbtu3H45/KnTq7QvBwPoP8SNmipzkjn6n/Mu7uGylinLtdDFvOM9fxEbDnlYwNx+lQrS3g/YGt72F1HHbWs0UV4kZSGeVhAZFVEVixXIB78Z+sPUZXdObeeAdKdh1zGQwMYG1emx5GDn61L0hJ7nRtcs7fZ8zNHoohVpDEodZXbJc8Dj2rJbqnBz3z7d5eNMir5e3TOT+MmZL9i3tyUmsLeaW1d3TLbdyFBucHJ5AGSPp61ovhazdtI+KGZVRb9ILG38jKyCZht/vhBVk2garbaTbOyWvzjalcdaTqld1s8e23USfdHjDdgM5HrUnTIJ7CwW1uLRVRLu9mTp3HUXZcRIwUMvJKsDjPke9aG1e1fPgj2lQrDfw8GZOLWtGlmuV1XTFUnooFjUMsTplZWbPiyx588Yq2j0T4U1Hc9qWJAjYi1lSTYJCQpdVMZHbtislqtq8N/eGTkzTTTApwuS53L27qcg/96ZDdGdWtpJonCqqvE5DEsMHxDGM10Fpd1D1tgGV7lBKss3afC+nw288YWGeKWeOQC6NzFIrpHjEUkPPnk5J8uOKSX4Y0o/KB7eCA/LqCqXcrdUmRzvVlUMePUZ49BxQWvxLrOnpPY3AjulSVlfru/XVkKoQLiNt2PCAO+B2qRJ8R6g7XAFzI7zfL9CV/DHaqpZmhiQAY8gPx9aqvq1W3ymTr8DPOZotO0iytf2jawlZIHGnzyxRoJSZN8iAA3Ck8455PbsM1fW1mYbe7t44HSBizTgxwDBYYwPB+VZW215CNQ6sQW7vILK0hEMpQDaJS0pdxjgkeY71bQahcrLpEsSmaCyjYXUhnQPKzMzlouoQdq8KSVwTx71569b3PJnSRaR2nWsafbLp11bz27pFJLYgpIQAx3MEIEKqcg9+R+NZzU7LTINI1yWGOLrOtm0sjLK86k3K8b5ieT5nj8a0d1BLFpGpwTywh5mURykSTJH1CsYxwDnjj61mdTSSLQ7+OTLMsNigcEYYrcoSeTmtGkstBALd4rKqyrEDtKTTtL0vUYpv96C3u4+oYoJYSwnRUDeBlbg59v5VXCAkgBhz/ECOKai6nVjWMBpGYIikA7mbwgeLirI2UylIxKrz7uk6x5ZVbAO1ieMjjtXpBbsLbm69PaccjJEt/hW0FwdXiYLmNLVtxijuIyJNwKTRSDDL9CCOSGB7s3eh2kN3d4XPTc5hikLQgkBvsywDbRnsScdsnGTc/Cdpd2BmunAe2vbW1kiuIgzqdssiMhXAkyvOcA+R5ByKz4mmuv2rexSiONZjHLAlvKJhLGVCqxlUDJOMkAdzVqsXPWQGA5lbJeLBhLdQ2wZZVOI08huI4qOz3l6FCuHyzF0UBIolB7uxwMe5NN7YV4kJIUk9OPy+r/dHv3NS4vl50soFO4GWVrmGBdiQrnCbpH4zx5n/AL3gkd5FiAJUSRvG7K6gEEjwkFTj+Ejg1xj6fnV3DpElwk8wWf5e0k/pcYeHMUZOVaNpGGQwPGF8qaMGl3jm30+PpzFn6TTz/wBcijPj6hCKTgn73tUgpblekkG7SpB7+9HFPvbFQx6kB29PhZBk713cZ9POnY7N5bSW4QL9i8gkLywqoQKpG1WfqE59FqTIQOY85kIkAccnz4pMjjj604sZdJJN0YCd1LAMf/aDUhLCebd03tidqOS1zDGFDHGD1WXmsjCzqvP6RgjpGOpGOCu4FHHBIwxXCn8DzQjx7HDglvDsI8ueaRomjkljdk3REq210ZSQccEHBruK3lm6gRoPAoZt8iL+9s4LHFFepc2l4yBicbge3ersS6JuhbZgdSYSCOKQAxbRsxjzz+NVMlnPCpkkMO1XVTsmiZsn0Ckmu0DJGJC69Ml0TDrksFB5UHd+laRZa7bRxFhcZMtvmdB/4E3/ACy0VUdZv4/1NFWeHf8A1xba/SXFnq2jCRItR0OwQqTvdUuc4xkAo8uB+X+daOG304oJG0vRDE8UYja2jdt8k2CnieQ5XvuGBWIvLlpxD1hkAscqiKxGMY3cnHtXVlql1pzg2bERmWOV4ZeY5ek25C6+vuCK5Oo0ZRmCt+/zNVGqyB4i/WeiW8ltNoktgLFIWu/lzcJY2r9CSETuzoiltnUwB6du/FcyWuiTyBEvI0traxtDGrzSSRo8iTt4mMajk4UfTPYYOS/2kk6EKlH66LKjp4BbMjsBgJnJyNytknv+bc2pTXb6tdExr1BaEQDkyLH9kqADtgZ7dvasRoII5we80Bl8x7dh7e89CmnsNJsdKe4chkTQt10Fj/o+22knMj5D8uBsUAc9sqGrzjXdRTVtW1C+hiaJL6brR2+4uQXAUDA7scelc/tm7lVRM7MIVSOCFAqwqiqIwODngDAJzn8akQamn9Jld4QTJb9NGjAkXpKoARlywAxnjH5mupXXXUMqeTOZ5mbzD1kRNE+IJjI6abelUypPRZfu+S78fyqNJa3dvtM0M0W4sg6qMh3KfEpDDyrYt8ULsMjXaMQQFRS7Mc4bzzjGcnP/ANVeqahd/EAtlWO6lWCa7ljLMNu2QINhIG0YC+vnTFjfzdJbtHaVVhbC7mMbyPHCqO8sgVm28EKMYJyTjyqadIjBGb8gArkNaXC5APuMVaaDDc2N2Z99mNkEqET36QmRZ9pUp1RjjbzzVrLqmuRyGWa700Wgdd6x6haSyFTvAXCKW/hz9KYtbHlkGVc4YzGSabI01wsU8GxZSq7+spYDsdqoRU+3S6ispLWJNKmcSy7zNEXGyUJl1mkAw3h2cYwCfrVnc6pqE8txNa3dtDFGxedfmlM0sbIF2xx7ASfMYNSLeG1eKRRKoEUKHwW0sjdZVADEbMbByWyck1ZjcpLCV7gCADKxLbWriG7n+Qtek7hkbSrdBEGjvVu5ep0hnCAEKD2HArRTfE9u8F5GLiUdS1uFULZt9+SFlAVwN3cjkY/xp3SJOvHq+ltcm3mV51kF4gDzW9yu0SK2VxxtBUjjdkUyfhGLKqL1QAhIYyYYEKfC4DfeOOOa4Vz1eKfFGMdJ0VB2+TkSLY/EEVta3W+5lBe53ANaXEp2fLxJlepyBkHt58+fK32o3OoafdRLb3nWuLKa3jENjc4CtNHIskjuowpAJ4qQ3wcrjAvzzHu3K4xkkjZgnOf8vfm2S0u0tksHvrdIIrWO1Lyks7RvB0SqgPuyB398988c7XGiwK6jkGaNOHBIPcTy7UbC/wBNSw6tyjrdRyzQpbvIdiJIYjvBAAOQe2asvhxTK0rSXJVxe6Wg6iPIFijZ7gg8Ej7oxUj4htJnu47LTrOZ7XTka1EsjxpJM7MGlOzdkKTnaCM+Z5PEbRkuLKUi4gkTqXkTKDubwpDL2ZQV8x510XuY6bcx8xHSZwo8XaBxN5ZxteapaM6KUt401GZBt2F0CLGmW4wzcjP8Jpn4ikMmkrJtlX/ejSMZG3eKWF22jOD+PnmrHRp9HtrW7+eLmW6KyoEG8qqIFSLg8Hhs5wBn35hfE72KaHCEuI5JDdQTRCNV2pE0LKYi6kjcmOa89yCs3AZJmZt2kSPqR+I4K7doYs22IKo3Dz3YH19q1ItBth0stcdQ2wgOIQYzfyEXXV7ds5H0qu+EbH9pXcClQRayvdsM7SzIkHSUE++T/d9q0cltCupGICYqCsUl9uYmKRkbEG4nIJHt3x+Nr2sgBHTMNoY4mA1GSVol6mQRBdbl2BWDhQGDEenp5YqZ8NrJIJI0zukm0aJQOckyOAP8fwqw+NrD9n3I2qyrdRXlyBnOGZRvBI9SM/3q4+ApLVLm5luAWSOK124RmALCRNzbecAE1Yyllw3rIbhjKzWSww3FzcaWUnCTWi2CszAoixhTHc49m2kfSs7MWt9Nu0AVbtjcMBIuNslqgUpjOc5579gfXjRmbTX1z5MyKmnR2C3ImkiljiN00uwqZmIUgjGBj/OqP4qe1WW8ngUtC9pdyyBBhEk2JCw9g2Mj60gjLz1wZWME49RMV8QLC0sqRMGzHb3jybdi9R41jZlzxggKH9xn61+l6d/SGl1BGWCEZjBOBJNwy8Y5Uef4VZyWr6ndxPCCC0EJKkZARI8PI2edoHGMYJxzTckV5byzWMcchhKBYWmGXljmQgN3IJPPngYPbFdui4hdgmWxP5jGNcsVeRb6zQsJifnNhyglJHjAAwAfM571Uq3SkeKYDIyjjII/DHFaKGS/tI7eDYm2JOh9oGAcKBnOD5U2kHzc94zadbTyB1ZmHVZgMBRkg9q206s1gBhmZnrDymh+ZiuYYIV60dy6rDGxGGLnaNrHsfWpdtfXcEbW6ldry9WVWRGyUIURNuBOFIzjOOat4mmDW8S28UUdk0xto0LlI3l4kcAtkFsAHnyqqubdWnnmeTpubqQYICh2OHZgOcKPpWTUuj+bGJdQxB2ntLa11m9eJ7e86Esb3UFu9vLK6XbuxbYEOMbQwG4ntmnZkuLgXelNFbvc4tnaIXIKukFyryC4kdgoOCMYxwaq5tMuobdNS2wyQtKVBdg8nVDFv6oHeQcZB7c1pJLGMBNRtrWFZprEyahPO/iaRlj3KFdhgYIJAXjB5qpHpRQHGMkfv9ZvC2li2fKBKW//AGfbGFYdPt4TG0wNxbjdHPvcFehvB8AA2klmJO4Z9KuNDIyrG0rZTCgMFVN5BOMcVfazaKbTQoNPguTNMk7fLdZ5ktwEWQrbog4GST3571XXkWmw2drDAkyagqJNqUs87NG0hGNsaryCrd/f6VWr5G4g4JmCzD5wfeX9rqj2djp1nFDNLcRQO8oijdgrpJuVYdp3dgSTjHfPbNdfFgsJLRbhZLeNjb3M0ilNks0rXSIqB0OQcAnPIIzVh8Nab81HdR3EKPLNZxLbXiSgPC06nbuiU4IIPiJYdvfij+IMbtanhZzcwTwWKN0XWZbqxDFgysOxXxqSoPB8xgb9NYDXvB7zLWXaw7h++JlzbLCiT6lIbaJl3Q2sSr81Kp7bYzwq+7fUA0R6qvEEEEFtA0sYVREZnAPhLuxIZm8+fwxVSzu7M7sWZjlmYlmYnzJPOauYdHv5rOyu7e1laWOaRJowqiQoCrxyqjYJB8Q/u+9Xm4g5ziWhMzRaPNZJPfWQaaW/hmJ3yCILOp7siLkYGBjOSN9TZp3wpbpmPlA3StyCecjIWstZWfxBb3nzsenXjCOEspe1ugJkGAFXYpO4+XPlU6/v/iC4sbSz/ZUlslpPNJGot7s3DifLEtlSu1e3fPP5cnU12OxdH+xx+s6OnsRVAdR9pPu9SSzSGSWJHWUkL0o7dm7AgMNmRnOF+h9OYEmvxkME09zMSoEbxQq25m2AYEZOfLtUNZ9YQRyfL3O4vb9RPlbjrAW6Ou5SUK7fF65yOw8+559UuJoF6N+EKW6vI9nIWE0ccWJHO0k+JSx7+Z88VclXl3M5z/8ARie1Q3kUfYSSNblG5f8AZ5NyFldQUDBhw2VEOciujr9wpwfh5QTzhgufT/g5qokTV2klZrS6LiWaUyR29yerI7MzOPCvhJ57D6V2TrqDKRXUjKkZ+0s7kOGDZIHgI479/wDKpgHP8fH1P+ZV4nHTn6CatbuxZYXezKvKq4hjtEkmy2SQFRMkcHn2o+Z0syoklpKryrvT5jT2iVgo+8C6AYrNaGNYs7+2umgv/sXLlJLefY6bHzl8Ej8j3qVq+ofEtzNFmyumWzjW0jZIJ1Ro1UKCFDMM8dx3745xWU1OGOG4+pmpLayASv4mgHyUsc8sdtG0cTKkzrBHtjfsEZguM041tYx20VwxtQ8jALbmErMIyT9p4kA2nHH1rCIuvwibpW2pfbEl1ME5XLckngDPbnFXesahq922mC2sdT2W2lWdnJvtJ48zR7i5Uc8c8Gk1du9drn35iF1bHlR9pebrH/hxf9NP8qKx+fiH/wDS1D/ozf5UVPwbP+Q/eW+PT/T+JRFmY5JyfejJoVWYhVVmJ7BQST9AK7iUFxu+6PE2fQVvDknkzkgR2ONlCuR4jygJ7D1NS7KWRLhMOV6mUyMA5PbBA9aZyGJORzyK7jyJI2yPCyt+RBplsS8JgTq+stgM0Q8PeRf4f7Q9vWoEaSSPHHGrNJI6xooHLMxACj61pHY9RFGwh5FRg+duxjg5xSaX8ppOp/NT20s0Kbo4WXvC7gEOoPBIBxjPnnyqJu2iIUljxK2TRtRt5ZoLjZDLCxSRC24hsAgZTK88edWGmzyCARo2w27yqSwBJ3nOcHzrU6xDbalZQ6rYsspt06c5jIIaAdiR33Ie4POD/ZrI2w6N9cR4AW4i6i88FlPl+tFdvirzJmsVmTXQyru3FpPPLElsehNReoVO0/eGTjHOBwea6+aKRMZPAwdgoOSB/Duxz9aSyVr68s4AqS3F3/R8eNU3ybhvk4z4fvHH8NdOi0oMHpOZqahY2R1nCnqSxg9typn0ywzVuothLIdigdNh5jOCCM4NRrLS5DfT296NsVpN05hvK9WYciJWA7HgsfIH3pdQgms5nEOZLeRZnjIfd0yo3NESeMgfd9eMZrTZarEKD1mRK2QbiJdaFsl1DqJs3fIT28pZI5QelLGysVlU84I5yK0RubOAOJ7SOUhyqlLaGKMLxy7qu0d/Qn2rOaDBa2t5FCpna+Omia53nCIJyjiMxg43qMZOc+wrbfD9tbT3kiXKI67LplWUIcuBF4gGOcjPpxXnL0V7iT0nQFroAg6yrE+nXCvGlhEsvZJI4VubYnk8uERh/eVaftEa3mR4re2ydsbSRWkUXSVg/wBpkOz8HA4Pn7c2NxbW66VpUsap1ZYrkySLhnk28jcwOTj6moVtNGkl6smd/wAigjCI5Z5JJCqqpGT65wOwrma2o4VU7ma6LsMd3pPPLq9uhrl9avEvy7X12m/oyKcKzYJdjg+9Pwo7XFtsvbmEkyybIxE0KlF77WTz9zVhqUEgu9Zk6jYS+vAE2kDwyn+I586p48C/txg5KyZx7q1ab2NdWQJbUN7czSLpv2aSream7SKZXZIbZAxcckIYW/A55/Cq3W4bmIW8RtJ7yJoiwa+a3iLHcVJjWGNRgdiTz+Fb7TdZ+Graw0yC6ANxBaW8cn2QcK0eXABPpuNZX41vtKuZNLOnLhUtWWQBVXlWVEyoPoP5fhzUKrh9wJ9O8t82cY4lRby6nbGL5HTPlYxE6uVuYImd8KMh8k8D+fvU1dW11UkhFucSSJM4N5a5aQYw5OM7u2DXOkWj6h1iygvHK0bSytIVihWNHOFDe/HvirT9laMT3nOE3GVFk2AbiuchivcfxH3xjid1tRObAJJAV4WUN9PqN4kovbCW4AhdYna7gkdSUP7+VbjAz3/SmdBhkWcItnNZxSI3UuIGiutqKFbDwOpyPoCRnjvU7WLaSwSJIzujnt7o9RXfZJHtwMDce2eaY+FWMd/GwRpJFt7tokjcqXlEKKBudtvbNW+MvhYkSh3Zl/JZEMgWfU2DOFLDT7dVPnhN9r3qLfWV1BHcKuoSxo0EsjJcWEAnQLwSGCoM59FrV6lqGhiCwiiZi0V/YvMpUeGJVUOTk4IAAB/xxVP8U3WlXSQvp8nU2W+orKTuB3SPvyc+Z5NZ9wTzAg4x6RAFuCDKG0uGtLXfLdvdvcnoBzDFGbdY90gzIih+fFs7gMAe9Uup3Dx3elssxReizs5UOdoZwH24257lvX8aXLb9PBI8SqTlj94SEDPlS3VpHO2kySOhaVoLZULMuwPcDMhKDO0q2D6YNbaWLWgiVXALWRGTedZ5FHiRXuZopCioXR22oDGowDgcjP8ALJes7wWU0zc7ZxEkjpGJNgGOyHjJzgc/yqPfR2VrPLFbyRybZ2jR4XkaJoulG6hBIN2Mk8+fNTNCtba/lvY7hJWEUdsyCKR4yCzEHO36CtuDu5mIEYzFgd2MLOWMksAeTjH2mfEPr507Dp/idZUcy6rc2dzaq9vG3TgZij3CvI3KnHkOfQY3U2ESO+u413bIXljXc2W2hyMsx5pYknintLiCHrSz6pJdrII3LJBZIpeIlvJCVc4XsxPlgG0shUdeZAkBuenE0a6fJd3cenSapbhdNFvfLMIOlcTyABkRYslWGO+BnwjvmuI79LOPVLB724W6lu7o291dRGUFCgkLBWAGw4KgZGA34VP0SfWb6SB7dLUyy4nn+xElskMZ+zZIsK24DBXDA9847VK1a3tnN6t5NBNMlssSu1s2y1IjCoGVuWbnnB88cd65j7TUBeMnj26dJ2rfK4JPBx9vSZu51WUWx+cfT5ZrFobiOHTbRYnkg2BB9uSp2oDyNuT+FUcek3N7aXOq25dwz3Mi2oTEhiEjggMWOWB8X3fPvxV7aw9U2q6hdGT5uOabo2UMkXRNtIsPUllmziQkcqBwOc8c2mmiMadAtvHMvTnnheS6Acq0Vw0bxRLGqnaCMkljzn1qd+odUCDgKQT06Hg4lT01i03VdDwP0kPTbyWFdEtY7GS/tntIIrwItww6YRY0DKygAk5xj39M1WT2ur2uq/M3K9f9qtcPrK/1KR3SStKkqqTxsyu0dyAR51LuooheASzXGUfc1lbRkLK0zsId7hg20lT2HG3+1y3OxsrS9itgtyAkk9o9wzoWCSskk3gbPBJ/e5BGfSulaa6VWuj+bn1hpdFa6NqLSMdPtKqHTtG0gNcM6M6lv6TdY7+awpyPyyfcZqZp1780kl3b9QqrywjcELOqjesjIcjv5H0FYm5mublzLcu7MOBvwMY8OxF7fkK1mhQPBZWtvLFNDdTS3MoDxrgxOE2ZXIbPHnWfU1lasseY62G/ao4lzIBH8uIekVkt0mcLbqw3snKsQmQQfembi7QKkkAYRDaW32kiMWDndlGUGlNrKEaQsAoiinY7HwqSDcp4J+lNTW0lu5R3TdtDgDfyD55Nciy6zaTtx+om9a1B6/iPW8qtInzjwwWzKxDSIIgzjkLvYY/Wn7v5ePom0MUhbqCQxR78bcAdh271HtoJnlQW0sZuNjFQyyHCjAblgV/Slns7m1FvHO4QdMpCoWQgIh8sj1NMXN8vjn65HENq+Jjj6SXZyaeI2W8024uJTJvEkVsNiRsQm1mLryPvHjsfwEa6aV5phaxSW0DsjxRtbASRAoMxt3GR2PiNRJJrSJlSW6jV2VXCskxJ3sUHYY8jTsYjeOKSO4QxyIjowSXlXAYHBGfOh9Rb4SjaRjvkc/8AUQqXeTnOe0vP9xfKydOJhc/LvsZre4yJgrAMc4XgjvgDscc80E8t/FBcSQJcDCg26yQdaQeIDG4rz/y00LrT3k6S3iF+qIQDFcffLMgHbHdTT+2MDebhFUAcusgUZ9/fyqd+qtO3K7f1HMVdKLnnP/UjWNzrUjzi5hlVFjUoz2aqMl2Q87RVnb3EcfWNzZzXch2mMnChEDRx7SH48y39w+tRgsZLYuYWKkBlXqMcEsmcA57qR+FdJFv4EkY24PiV/PnOM1BdQwt3FT9Myb1KV2/nEsvnbH/+tT81oqF8v/60f/JJ/nRW75w/8f5mb5cf1/iZfQdaGk/NqbdJI7kHOHaMxydMxqwKg8c8/wA6z8ltMJggdT1GwHdgin3ZmOP1rthLGSygGP6Hj61LS1uTaQ6gj9NReNb27Bju60SJMWUjkYyta1Ow788GVOquNuJ1HoPxHhGFgzqygqVlgII9QQ9SbXRNVa7sUvNNu1tfmoPm2QAlbcOOqfCSe2a707UtRgmvpLi8mAEUt4Uk2NHdXG9MJudSBu5zj09q1UGpX0sYnTQ754nUqr2lzazqOQcEoQ2RjkcVlv1F6HCgEfXEklKEckzPXGlalHJ8zJbrZ2cdwoSXVJUi3IXygESbpSSBn7tT201JtL1yQ3ytDY3TXnRt7SWORp1Q26J1bk42+IFsIe35TtROr6zLp6xaRcQwQz9VVvJ1jluGwFCCOLMgHByRngnmpR0LVNKklurvVINOW6DPLaWilo44i24pi5ZsAk85zms7a0KubCAfvJ+CM45/tMfot5fWxvriKdI3t47cNBIgeO7WRzGUlUkAqBn354I82rx4hNHdRxNCsc+0R7zIFifjAcgEge/P5VIn+RWfbZRzm3UBUNyVeWQ5wXcgBRnyA7VMg0zVLsHp2M3Twd7Sptjx/aMm1f1ro13BfO3APrxKnryMd5RXO+WSNEJPVbauTwzA9gTxV1oSLYWOqa9NHuFv07S2B4yzuolcnGeOFH4+tWlhpFppjTy6rJZFQj2yq8ybIeuqllLSYGSMbcE48qnRruszaaXpV5cWScQSPGtrZMpkMm7rXmCQSSeEatbatbK8V9P33nP8Iq+55xrtpeXotZ9PKCZz0LpJQFV45Iztd88jHIOPb0qCdP8AkJLa3BN1CuZYWcqJEG8AKcnB88fgPpam21VnD3V/a2gC8Q2EfzEpwP3p7nEf5RmkSzElzZ2yLPI0qhDcTyl5wXcDnqFV2jvgAVp0y5wpmPU2FORI+mQXL67JM6xqGs3hADB3zHsBJAGMH6mtrp1mpW6YxoT8ywyYkJwY07Fuaj2/wxJpuoWly00coktbiOVVXbiUbWyu4528ema0FnBsSbj70xPYY+4o86ou27srHSpPmbrIMtpF0mIhiBiikEREMY6YI52be2fPFUsSFdQueD49JKZAcfvuSNy+L8B+frr5IgY5eB9xh2Hp7VQS25XUCwHfT2B8JJwGJPCnd+HaszDOJcRzmedazDG2t6omy6Ej6ld9JlTbb7t/UIEiggEfvDH8+IcccyX9orK7OyyMANzkrsbtgA/pVvqEduNb1h1uVjaHVbtpQZHKqzkKMqF2ZIHbJ+tMx5OrIwk2yJ1FR0V8bSnAGRkD3qq9DYNomml9oyY6wZQwYkFW5DdwQOxzULW4ZIzYh+7Wocgc+IuQRnPer+7tms7hG1J+iHImlacEeFlLZYgbfbvVXr/Wa4RXQIsEQMWCSdkh3Atkdz3IrzvgeBZ5uDOir+IMiSNFlVYdRtw7xyXEng2uAfAkZO09s+laqGzV4zIrkEQC4ZeNhjVmjxuJyPUjbzx3rDQPkxeDY0bybiz9MOCEIxkGrtJtWNt8z81ci2Ept1hinQKYdwQy7jGTt3YyceXetD6dbcZ7ZkNxEia669OyiMhYxw6ifEclRIRgD2GOPrVb8NyCDULeV2jwqXCnufE0IXH+hUm/EfP2SselK2TMspxt7DCg+hqr0xunIjFQxfdEAwwAWA8Sn2xTKjwtoMYPOZotRmkZhMir0mJUbcg7uCM/rUKbrvBeEbigilDYRmC4Q+YzipbQsbW48Q6UcEsqux8TSI7eEIeeMgA+9QY7m8gtdThinxFNFKZVYJyDFgjJGaypSiuAfxLNzEYErSrg2EqjwRLv8WQWInWMlGz3XcDimviRnC2kkhP/AIq9P2KqEVvB93J9e1PB3NisYc9NLiKYDH77Okeefap9/psN20MM95p9r8vLd4N8Lsq7bkUhPl1bt55ArsaYl7EC+8yWgbTumSiS5kjSeNJjG0giD7YhmUkYVRnP6YqdY2s1xcCD5h4ppY5Jc7WxtjbpncyHOc1N1PT1srJRHd6RcJ1UBFj86JY8nP8A+eNVweKkWDNYWUWsMdOfoObeO3uJblLmXqYBKiNCm3uQd3ka7Rrccd5zia/EA6r9DFg0u/jgnvkFy9uJegZym1GcMyEDcfPBxWi0jRle1jube0vLi/1CANcPBJDHlGuJIt6m54AOMPhfIevNd87c3EMNhE0L21wlvfwraztJEJSWDqzSKviz3GDg9jUltb0W0ttN02dbq1vIrd4opIZppWEc+5mmIVgg3knC4yMZOPIGacHGTMxTx2cDgD9iXEep2K3Fvp1lY6jctY7Y1hs4Eba6sd6SzPtLAHuc8nJ4oGoawb8q9pAITDbSzlxKZbSPazLcOGbJ3MCvhPJxTFjZ/wD8hXtwWgkbTrbqHCwjpwjbwGd1ALe/3+9Jr+oa9p9t0tatbGSW8ltLdrhY3jNzaMrtNDP0goYoAMYHGe/Fc1qsMd3JM6NLgrgSNLNrrq15cNPBYrLcPsgljjkd+qJI06KA7d/csCc9iMVS2+oapYMIy0zWryTyRQyKjvH1pGkypJ+9k8nJzj8pNlfWb6qJbUxTxNJqLwRolwywFrePZFI+dnA4ZsDkcHjNV99FeXTieYOsbMQhjj2oXzkhc5Y/jIfwzUGr8RiD3E1pbsOe0msGvp4ZdQvYGtntEiJljjs2ikYlYmMa5PhJbJy3LAY5q1FjHbzppsU6/wBB6DWzyYk6kEqYIcE9nycZ7cenFLaCRJtNW4FoYFuHZ7m/hBSDpxNcLjecgttZPMeIcZAIvZ16m7VrKIs0U8kcdpCgZIrSO2trgBnGRmIHB9cnHatxrZ6wn74ldupVW4/hkCHRdMsLmSaOLdO7s462Ge1bcQYlH3RjnkdxTd1IUvy6HMiRQS+INhX2sAw2nOCOMnz/AFuNSaJrmKWL7s0CyMRkZJY/r2qnuHdbyORX2qmGcbhHvAjZQFZsDIJ7Z8/avOZsNp3GbVwACBGoLvpLNGp3LOR1C88jNwf3C5JA9BStcCXBk3vLgKHaVT4RzgKqgU/1VC3C9SFWMUHT3ywDsgDEEt9c/Sqe5+IbKJmWASynYEZE2JHuRmHjdcgjt2PNSNV1gOen0EvDoOkurO6NtN1raPM6xyISziRQrYyShXj86Y1LX7a5MPVlt5ZoHjgEcEoj8E0gU4dYyhK/ePNZC+1rVdQHTmnIhyCIIQEi44GQOT+OagK3I4zu8O0DO8emK206ZkXZY2V9MSt2BO5Rz6zcSw6Pct1i5fYIYgYrobVAYsnG3zLZqVELOBIYo432xJHHHm4BIWMADPhqg039r6VAX6O61eQyzW5Ui6UYUq5ABJ7Y7/hT8vxJMz5jsdUVSSShz90p6gevPaoajSWkBUbKDpwPzKq7qxywwZMTT9JjkWVVl3JMs6k3WfGrO4zx6salSiykjeNkYqwUMBckZwysOwz3Aqsk+JyiCU2GopB0wrPIiqOoxYBgx49Mfj+MZPipN4bo3zg7QAzI+TkA4HuMioHT6pypc9OnA4/MkLqFB29/c/4l1ElkjyMiENIMOfmGOftJJh392Y100ijKpLKiN09ypMAGZH3q/IznyqkPxXEdw+WuvvZGHRCByCCR7Yx9PenIPi7T4onWXT7qWUuzCRpUJC7NoHiBPB5q/wCT1Rs3s3PrgSPzFITAHHpmXPXf/iy/9cf/ABoqj/2xg/8A0Zf+qv8AlRWj5XU/8n4Eq+Yp/p/MS9+Hr6z3SW7G7twMvtXEycc7oxnI+mfeq+IwlBDuZY0keVYgwCdVgFZsHnPA/Kt8CQSQSDjyPvVFr0FuuoB1hiV2to2ZlRQzMWIySBnNed+H6+zUE1v1x1nTtQIciUQAUgphxngFQRn054zVjaQa08iz2NtcK5BBkjBClT94SFsIR7E1qdHtrTorJ0Id+xTu6abs5HnjNSJWYx3AJJAVQAScDJqOu1vgMFC5+stqpLgnOIzp17eWUM8uoLZQvEirLLHOV2g4cNIycAnHIDn08+Iuu38MkKzyhGlkzHEkkk1uiqse4OyY6hHbkqOf1ujFDM+lLLHHIohMgEiqwDhYyGAYd/evLpJriWa+lllleVmmVpJHZnYZ7Fic1VpdMlzBjx34ziV2Ns6TfWyWclvHcWkdnCRuluXhuflemx4UPJ0mPuPCB9c8vwRTajZw3KzM9shuGSdruS6aWRZemrBjGoKjvjA7+1ZrTre2kt7BZIIXVoBuDxqwOCSMgirMSzW8EcEEjxQJkrFCzJGpLEkhFwP0rqN8IHhElycH995zm+IFbNqriW91a/KXilbOza6DvJ8xPbq7qgSLbGrMrNn07fUYqD8V3es6dBp9w8ryvfNMHG5kWFokQhBtbBI3eR8qo9SvtRa6kdry6LMyksZpCxIUKCTnPbioV1Pc3TRLczSzrGQY1ndpAhJGSocnGeK6Pw3TeGqqTkD/ADOdrtSSCw6y/sIby4ubVLlb9t0UxdevEY2dYWcGQAbyMjOM+1O3Mj28trPGoab5V51k8J2dIjLAtkbvMVV28s5mwZZCNjLgu2MEYI71fm3tT00MEJRIFjRTGhVUI+6oxjHtXogAr5WcCuxrKm3nMd0HXrvWNb0+O4upJunY3y9N4gEUhlw27cctg4J2j9K9BhTapGPvPkDjucCsLoVrZQa9p5gtoIi1vdbjFEiE/d77RW97IT57JD+O01k1JBfgYm/ScV88nMGHhcEd1PH/ANVV3MIFwr7Rk27pwF5598fmTindIVVsiiqFRXcKqgBQCAeAOKflVWntQwBBDZBGQcFe9UYwcTWDxmeM69Lo37Y1wXOrywyjULsGKNLpgh6mcEqNpH0qjkudMgkSa11WeaRcBSUuEkTH7wL5WrDXQG1bWi3iJ1G8yW5J+096o3RP4V7eg9a0rYQMgTmKoZsZP3/8m2t7Bviq1N7fapqgj3dG3xEZVnhiRQXkCjjDZz9Mil1aKNWUrcLL02eyaPpzK8Qt8bDKZmZizghvbNXPwD/5Ljy/aBXH9nC8fSqmcB59cLjcTrGo5Lck/wBV3zXB+KP4iK7dRmdnQrssKA8RbWxa5JWJdzCSOLEZBO+bYq5/15VfJBarcR2hRDGsK2abmIQ2jQkFzL2HGWI9fKpvwvHF8xYtsTcySux2jJZVkUMT6gcCri5SMXSAIoBmdjhRyQ/c1RpVzUH9ZqtJFm2efXVnHNDvF5p5+XsZFZIZLlppjHHjI3Acnzqo0uHdc6bDnBkvoEz58ketaiN5JNDZ5HZ3fT7oszkszHYe5PNUOmcXemY4xqdvjH/tFcfTXu+8N2M3XKFxjvLq6CKJbNZVV3t76LY8ka/ao0EqiME7yNpJzjv644pHjHRusqf6l8ep8J7Uupkp8VNtJXfaQM+3jcSFBJxTkoG2947Rvj9am4KuuT7yIwR0lciE6fKcZZJrTtz965jAANXOp2kENrBdXq8yasyTsylHVJN7OhAYjAxjyqpXmyu1PKs1llT2P9Kj7itNrHjEEb+JBIrBW5UMU5IB4zXe+En/AHNZ95g1YzUwmS1iWx6LR2aQuJJLMB0SRcMu4v00Y9jxnPp71UXrzz/s7TlWTNsssgXJ8TTHd2JA4GK1fy1oXObeE4zjMaHtx6VQa0qw6sekoj8Cj7MBeOmgx4a9F8VsIJdeOJytHXtOGOZovhnSoC8SOJYtxmSPwCVOrIEZVkA5AOCd2cdx5VzqOh3zpqdzZ3Ms1pa3UUcc8wRZ5BI6qjRQsMhCScEnkH0rVfDoUTWKAAI1tbxsoGFZDIp2kdsVA+JHk/3t425Glg8nkfNQr/Liub8Jud0XdznP95draRyVODxMcPiDUlYgahr7lCUIe+YFemSxZvAM+lP2upXut3K2dxeT3kEyXHThvZsrFcxq2ZxApX72c4Dcck8GvQrf7SG2L+M7bc5fxckrnvXGuRxRS2DxIiO13ZRM0ahWMbvhkJHOD5ig1DxCQZbpiQwBORPOtHu9XjmtLezRrNYEsmvobgDbdGDcHuZOqANqqB4fOtBYRa3r1zNOqWc0UUxhnmlgnmdkU7iy9SRUVMen4VcS/a6xOZftC1nJExk8RKA3eFO7y9qofhOaeHU71YZZI1azhVljdkBVZCACFPYeVV9vEHWTfOdsufiDRHg0+3kdIbmGW8tWElpbGMRiR9kMkbKxPHBPA4757VAgn6Fve2VxYK9y8E3zMHVYWxu2t4QpgZQMl1ILqRjJ9K1sU076Pco8sjILWVQrOxUKIxgYJxgVmpQo+IvhVAAFk1W3MigcOTYFcsPPjit9D+UuRkiY7RjA95jrj4lllc9Cz2QgF4o5rmRyqs24LuwO3ArrT9R+cedp48AAII43xs4JBBcHIPbGB2znmqqNVOcqD98cgdtx4pzTeLmTHGUizjj9+QVm1Ojq8IuowZro1LeJsPaXl9pC6tpUs9qjtdWc8gj3qokkjCI7R5Xjjuv/AHrFA44OcY7eefc16joWf2dfHz+fl/8A8pWJ1KKE/E19GY4+mbuPKbV2+LaTxjHOTn61h0VmVesjp0mu3KsHEhWmn3d4FkXZDbltnzE52RbsE4XzJ47AGtDp8Wi2GWhuIZLjpH+kSHxZB8WwLkAD1H51b3ACPYKgCqsrBVUYCjovwAKi2ZPStzk5/Zt2v93djH0peITxL47OyQNbTMxaS6AiWGFo2eV2Xgojflniqm41LQ45Jj1JROcBwU5V14bOOMnseK706SRviO3ZncssscasWJKotscKCfIeVUGvoiXabFVd0bM20AZJlfk4rTSBuwZTaxVciPanqsF5bNBCJQGljdt33TsDDt+Iqvt53ie3aNpFniDCFlO1kfkgow586h10hIdCCQQQQRwQa6IxkYE5zMTyZ3z1JBKTuLHeTyc55yTTh+Xx3JP+u5pliS7EnJLEknuTmj1rYFErIzHMw+n86Kaop7F9IYn/2Q=="></p>', '2024-01-16 01:00:00+01', 4, -2, NULL, '[{"UserId": -180, "VoteType": 1}, {"UserId": -177, "VoteType": 1}, {"UserId": -176, "VoteType": 1}]', 0),
(-18, 'Temišvar', '<p>Poštovani studenti, zovemo vas da zajedno sa nama putujete u Temišvar.</p>', '2023-12-14 00:00:00+01', 1, -3, -104, '[{"UserId": -168, "VoteType": 1}, {"UserId": -170, "VoteType": 1}]', 0),
(-19, 'Budimpešta', '<p>Da li preporučujete put u Budimpeštu?</p>', '2023-12-14 00:00:00+01', 1, -3, -104, '[{"UserId": -168, "VoteType": 1}, {"UserId": -170, "VoteType": 1}]', 0),
(-20, 'Istanbul', '<p>Kakva je hrana u Istanbulu?</p>', '2023-12-14 00:00:00+01', 1, -3, -104, '[{"UserId": -168, "VoteType": 1}, {"UserId": -170, "VoteType": 1}]', 0);



-- ******************************** COMMENTS ********************************

INSERT INTO blog."Comments" ("Id", "AuthorId", "BlogId", "CreatedAt", "UpdatedAt", "Text") VALUES (-1, -168, -11, '2023-11-14 13:49:10.108651+01', NULL, 'dobar blog!');
INSERT INTO blog."Comments" ("Id", "AuthorId", "BlogId", "CreatedAt", "UpdatedAt", "Text") VALUES (-2, -168, -11, '2023-11-14 13:49:23.737314+01', NULL, 'opet sam procitao, i jos je bolji...');
INSERT INTO blog."Comments" ("Id", "AuthorId", "BlogId", "CreatedAt", "UpdatedAt", "Text") VALUES (-4, -170, -14, '2023-11-14 13:49:10.108651+01', NULL, 'dobar blog!');
INSERT INTO blog."Comments" ("Id", "AuthorId", "BlogId", "CreatedAt", "UpdatedAt", "Text") VALUES (-5, -171, -14, '2023-11-14 13:58:16.459035+01', NULL, 'mene na pivo ne zovete, a?');
INSERT INTO blog."Comments" ("Id", "AuthorId", "BlogId", "CreatedAt", "UpdatedAt", "Text") VALUES (-3, -169, -14, '2023-11-14 13:58:16.459035+01', NULL, 'drugi put');
INSERT INTO blog."Comments" ("Id", "AuthorId", "BlogId", "CreatedAt", "UpdatedAt", "Text") VALUES (-6, -173, -11, '2024-01-16 15:11:25.3108+01', NULL, 'test');
INSERT INTO blog."Comments" ("Id", "AuthorId", "BlogId", "CreatedAt", "UpdatedAt", "Text") VALUES (-7, -173, -14, '2024-01-16 16:38:26.345389+01', NULL, 'top');
INSERT INTO blog."Comments" ("Id", "AuthorId", "BlogId", "CreatedAt", "UpdatedAt", "Text") VALUES (-8, -3, -14, '2024-01-16 16:56:35.142955+01', NULL, 'vau');
INSERT INTO blog."Comments" ("Id", "AuthorId", "BlogId", "CreatedAt", "UpdatedAt", "Text") VALUES (-9, -174, -14, '2024-01-16 16:57:25.978494+01', NULL, 'ekstra');
INSERT INTO blog."Comments" ("Id", "AuthorId", "BlogId", "CreatedAt", "UpdatedAt", "Text") VALUES (-10, -175, -14, '2024-01-16 16:58:02.997086+01', NULL, 'to je to');
INSERT INTO blog."Comments" ("Id", "AuthorId", "BlogId", "CreatedAt", "UpdatedAt", "Text") VALUES (-11, -176, -14, '2024-01-16 16:58:23.50935+01', NULL, 'divna ekipa');
INSERT INTO blog."Comments" ("Id", "AuthorId", "BlogId", "CreatedAt", "UpdatedAt", "Text") VALUES (-12, -177, -14, '2024-01-16 16:58:43.839585+01', NULL, 'kako smo lepi');
INSERT INTO blog."Comments" ("Id", "AuthorId", "BlogId", "CreatedAt", "UpdatedAt", "Text") VALUES (-13, -178, -14, '2024-01-16 16:59:10.096879+01', NULL, 'jedva glavu izvukoh');
INSERT INTO blog."Comments" ("Id", "AuthorId", "BlogId", "CreatedAt", "UpdatedAt", "Text") VALUES (-14, -179, -14, '2024-01-16 16:59:38.616081+01', NULL, 'divno');
INSERT INTO blog."Comments" ("Id", "AuthorId", "BlogId", "CreatedAt", "UpdatedAt", "Text") VALUES (-15, -180, -14, '2024-01-16 17:00:01.518316+01', NULL, 'a gde je kisela?');
INSERT INTO blog."Comments" ("Id", "AuthorId", "BlogId", "CreatedAt", "UpdatedAt", "Text") VALUES (-16, -181, -14, '2024-01-16 17:00:31.673688+01', NULL, 'svaka čast');
INSERT INTO blog."Comments" ("Id", "AuthorId", "BlogId", "CreatedAt", "UpdatedAt", "Text") VALUES (-17, -182, -14, '2024-01-16 17:00:58.119017+01', NULL, 'al sam nas ufotkao');
INSERT INTO blog."Comments" ("Id", "AuthorId", "BlogId", "CreatedAt", "UpdatedAt", "Text") VALUES (-18, -183, -14, '2024-01-16 17:01:30.501495+01', NULL, 'gagi daj nož');
INSERT INTO blog."Comments" ("Id", "AuthorId", "BlogId", "CreatedAt", "UpdatedAt", "Text") VALUES (-19, -184, -14, '2024-01-16 17:02:05.224845+01', NULL, 'ne samo to ne pominji VECO!!! (opet ista priča o noževima)');
INSERT INTO blog."Comments" ("Id", "AuthorId", "BlogId", "CreatedAt", "UpdatedAt", "Text") VALUES (-20, -180, -16, '2024-01-16 17:25:11.94735+01', NULL, 'lepa sličica');
INSERT INTO blog."Comments" ("Id", "AuthorId", "BlogId", "CreatedAt", "UpdatedAt", "Text") VALUES (-21, -176, -16, '2024-01-16 17:27:31.589342+01', NULL, 'gde se može pronaći raspored izložbi');
INSERT INTO blog."Comments" ("Id", "AuthorId", "BlogId", "CreatedAt", "UpdatedAt", "Text") VALUES (-22, -179, -16, '2024-01-16 17:29:53.99724+01', NULL, 'možeš naći na plakatu ispred distrikta');
INSERT INTO blog."Comments" ("Id", "AuthorId", "BlogId", "CreatedAt", "UpdatedAt", "Text") VALUES (-23, -177, -16, '2024-01-16 17:31:23.314783+01', NULL, 'možemo ići zajedno ako želite ');
INSERT INTO blog."Comments" ("Id", "AuthorId", "BlogId", "CreatedAt", "UpdatedAt", "Text") VALUES (-24, -179, -15, '2024-01-16 17:42:35.527616+01', NULL, 'da li ima neka stranica koja okuplja tematske fotke Novog Sada');
INSERT INTO blog."Comments" ("Id", "AuthorId", "BlogId", "CreatedAt", "UpdatedAt", "Text") VALUES (-25, -170, -15, '2024-01-16 17:43:05.689398+01', '2024-01-16 17:43:13.382394+01', 'može se naći na insta mojnovisad');
INSERT INTO blog."Comments" ("Id", "AuthorId", "BlogId", "CreatedAt", "UpdatedAt", "Text") VALUES (-26, -169, -15, '2024-01-16 17:44:43.86938+01', NULL, 'ćao frendovi, možete i kod nas naći klubove koji unutar nekih tame pokrivaju razne podoblasti');
INSERT INTO blog."Comments" ("Id", "AuthorId", "BlogId", "CreatedAt", "UpdatedAt", "Text") VALUES (-27, -184, -15, '2024-01-16 17:47:32.538711+01', NULL, 'šefovski');
INSERT INTO blog."Comments" ("Id", "AuthorId", "BlogId", "CreatedAt", "UpdatedAt", "Text") VALUES (-28, -168, -14, '2024-01-16 21:45:53.313369+01', NULL, 'a što me ne volite');



-- ************************** ENCOUNTERS *********************************

INSERT INTO encounters."Encounters" ("Id", "Title", "Description", "Picture", "Longitude", "Latitude", "Radius", "XpReward", "Status", "Type", "Instances") VALUES 
(-14, 'Bubi dupla', 'Pojesti bubi duplu', 'https://bubi.rs/wp-content/uploads/2022/12/banner2-scaled.jpg', 19.842451214790348, 45.247939939289836, 50, 15, 0, 2, '[]');
INSERT INTO encounters."MiscEncounters" ("Id", "ChallengeDone") VALUES (-14, false);



-- *********************** TOURIST_PROGRESS ******************************

INSERT INTO encounters."TouristProgress" ("Id", "UserId", "Xp", "Level") VALUES (-1, -3, 85, 12);



-- **************************** TOURIST POSITION ************************************

INSERT INTO tours."TouristPositions" ("Id", "TouristId", "Longitude", "Latitude") VALUES (-1, -3, 19.839692116220252, 45.24769675711446);



-- **************************** RATINGS ************************************

INSERT INTO stakeholders."Ratings" ("Id", "Grade", "Comment", "DateTime", "UserId") VALUES (-1, 5, 'Explorer je prekretnica za ljubitelje putovanja! Korisnički prijateljski interfejs i sveobuhvatne funkcije olakšavaju planiranje i snalaženje. Moj omiljeni aplikacija za svaku avanturu!', '2024-01-16 23:31:50.38076', -184);
INSERT INTO stakeholders."Ratings" ("Id", "Grade", "Comment", "DateTime", "UserId") VALUES (-3, 3, 'Explorer je solidna putnička aplikacija, ali ima prostora za poboljšanja. Navigacija je prilično dobra, ali sam primetio da se ponekad sporo učitavaju informacije. Dodatno, neke od preporuka nisu baš najaktuelnije. Potrebno je raditi na bržem ažuriranju podataka kako bi korisnici imali tačne informacije tokom putovanja.', '2024-01-16 23:33:23.909465', -182);
INSERT INTO stakeholders."Ratings" ("Id", "Grade", "Comment", "DateTime", "UserId") VALUES (-4, 5, 'Recenzije koje dolaze iz zajednice korisnika u Explorer-u pružaju dragocene informacije od drugih putnika. To je kao da se povežete sa globalnom mrežom istraživača i nikada me nije razočarao!', '2024-01-16 23:34:04.008897', -181);
INSERT INTO stakeholders."Ratings" ("Id", "Grade", "Comment", "DateTime", "UserId") VALUES (-5, 4, 'Explorer je solidan pratilac putovanja, pružajući korisne funkcije za planiranje i istraživanje. Ima dobar interfejs, ali povremeno susrećem manje probleme sa brzinom ažuriranja. Sveukupno, zadovoljan sam iskustvom', '2024-01-16 23:35:06.780676', -180);
INSERT INTO stakeholders."Ratings" ("Id", "Grade", "Comment", "DateTime", "UserId") VALUES (-8, 5, 'Pažnja na detaljima koju pruža Explorer ga čini posebnim. Od konvertora valuta do hitnih kontakata, obuhvata sve osnovne elemente za bezbrižno putovanje. Ne bih putovao bez njega', '2024-01-16 23:38:47.351147', -177);
INSERT INTO stakeholders."Ratings" ("Id", "Grade", "Comment", "DateTime", "UserId") VALUES (-9, 4, 'Explorer je odličan pratilac putovanja s mnogo korisnih funkcija. Navigacija je intuitivna, a funkcionalnosti poput offline mapa su izuzetno korisne. Iako nije savršen, s nekim manjim ažuriranjima i dodacima mogao bi postati neprikosnoven.', '2024-01-16 23:40:44.779205', -176);
INSERT INTO stakeholders."Ratings" ("Id", "Grade", "Comment", "DateTime", "UserId") VALUES (-10, 1, 'Explorer je potpuno nezadovoljavajuća putnička aplikacija. Iskusio sam neprestane probleme, od sporih ažuriranja do netačnih informacija. Korisničko iskustvo je frustrirajuće, podrška nikakva, i čini se da je svaki korak tokom putovanja s ovom aplikacijom izazov. Ocenjujem je sa 1 zvezdicom jer je neupotrebljiva i predstavlja više tereta nego pomoći.', '2024-01-16 23:41:24.950096', -175);
INSERT INTO stakeholders."Ratings" ("Id", "Grade", "Comment", "DateTime", "UserId") VALUES (-12, 5, 'Explorer je apsolutno fantastičan! Ova aplikacija je sve što sam tražio u putničkom vodiču. Navigacija je besprekorna, informacije su tačne, a interfejs je vrlo intuitivan. Pored toga, dodatne funkcionalnosti poput offline mapa i personalizovanih preporuka čine je nezamenjivom za svakog putnika.', '2024-01-16 23:42:53.508957', -173);
INSERT INTO stakeholders."Ratings" ("Id", "Grade", "Comment", "DateTime", "UserId") VALUES (-13, 5, 'Explorer je apsolutno izvanredan! Ova aplikacija je moj prvi izbor za svako putovanje. Od preciznih mapa do jednostavnog planiranja itinerera, sve je besprekorno. Dodatno, interaktivni vodiči i realne ocene drugih korisnika čine svako putovanje nezaboravnim. Explorer je jednostavno neprocenjiv saveznik, zaslužuje ocenu od 5 zvezdica i toplo preporučujem svima koji žele savršeno putničko iskustvo!', '2024-01-16 23:43:48.42878', -170);
INSERT INTO stakeholders."Ratings" ("Id", "Grade", "Comment", "DateTime", "UserId") VALUES (-14, 5, 'Explorer je jednostavno izvanredan! Ova aplikacija je savršena kombinacija praktičnosti, preciznosti i intuitivnog dizajna. Navigacija je glatka, preporuke su tačne, a dodatne funkcionalnosti kao što su offline mape i personalizovani vodiči čine je pravim draguljem. Explorer je nezamenljiv za sve putnike koji žele maksimalno uživanje i sigurnost tokom putovanja.', '2024-01-16 23:46:07.003416', -169);
INSERT INTO stakeholders."Ratings" ("Id", "Grade", "Comment", "DateTime", "UserId") VALUES (-15, 5, 'Explorer je bez premca! Ova aplikacija je neophodna za svakog putnika koji želi besprekorno iskustvo. Sve, od detaljnih mapa do praktičnih saveta i preporuka, radi besprekorno. Offline funkcionalnosti su spasile moje putovanje u područjima s lošim signalom. Ne mogu dovoljno istaći koliko je Explorer fantastičan – ocena od 5 zvezdica je više nego zaslužena!', '2024-01-16 23:46:31.944198', -168);
INSERT INTO stakeholders."Ratings" ("Id", "Grade", "Comment", "DateTime", "UserId") VALUES (-7, 4, 'Explorer je sasvim solidna putnička aplikacija s nekoliko prednosti i nedostataka. Navigacija je pristojna, ali sam primetio neke probleme s ažuriranjem informacija. Korisničko iskustvo je prosečno, moglo bi biti bolje. Zahteva poboljšanja kako bi se dostigla potpuna funkcionalnost i preciznost.', '2024-01-16 23:37:56.820404', -178);



-- **************************** CLUBS ************************************

INSERT INTO stakeholders."Clubs" ("Id", "OwnerId", "Name", "Description", "Image") 
VALUES (-101, -179, 'Perspektivni planinari', 'Svi ljubitelji planinarenja su dobrodosli. ', 'https://cdn.discordapp.com/attachments/1159797397082357851/1196959230771613767/planinariklub.jpg?ex=65b98627&is=65a71127&hm=17cbb62675449625cce5c3e92cda0e72f9199c3a3985278942375bc23a2f111a&');
INSERT INTO stakeholders."Clubs" ("Id", "OwnerId", "Name", "Description", "Image") 
VALUES (-102, -183, 'Klub gladnih turista', 'Ako volite mnogo da putujete, a volite jos vise da jedete pridruzite nam se!', 'https://cdn.discordapp.com/attachments/1159797397082357851/1196958752994246776/burgerklub.jpg?ex=65b985b5&is=65a710b5&hm=34f4b93033021ff029a1066d657efa57934677f0d0cb46a77c07aa5aa1badc34&');
INSERT INTO stakeholders."Clubs" ("Id", "OwnerId", "Name", "Description", "Image") 
VALUES (-103, -181, 'Soping je zakon', 'Ako zelite drustvo za soping dobrodosli ste yass :)!', 'https://cdn.discordapp.com/attachments/1159797397082357851/1196959128430575677/mladenadeklub.jpg?ex=65b9860e&is=65a7110e&hm=ce60406a7f2774a1766a4111a178364223a2d09177cda16cedecca25b805c2f4&');
INSERT INTO stakeholders."Clubs" ("Id", "OwnerId", "Name", "Description", "Image") 
VALUES (-104, -3, 'Klub studenata', 'Svi studenti koji traze drustvo za putovanje su dobrodosli!', 'https://cdn.discordapp.com/attachments/1159797397082357851/1196958969659396146/studenttravel.jpg?ex=65b985e8&is=65a710e8&hm=9e7f7d7dd2fe36efaea69260d94a22f6a58007a4a0fd952a22fb00b32d047f3a&');

-- **************************** CLUBS ************************************

INSERT INTO stakeholders."ClubMemberships" ("Id", "ClubId", "TouristId", "TimeJoined") 
VALUES (-101, -101, -183, '2024-01-16 23:17:00.202959');
INSERT INTO stakeholders."ClubMemberships" ("Id", "ClubId", "TouristId", "TimeJoined") 
VALUES (-102, -102, -183, '2024-01-16 23:31:13.865434');
INSERT INTO stakeholders."ClubMemberships" ("Id", "ClubId", "TouristId", "TimeJoined") 
VALUES (-103, -103, -183, '2024-01-16 23:33:32.274023');
INSERT INTO stakeholders."ClubMemberships" ("Id", "ClubId", "TouristId", "TimeJoined") 
VALUES (-104, -104, -183, '2024-01-16 23:38:48.123009');
INSERT INTO stakeholders."ClubMemberships" ("Id", "ClubId", "TouristId", "TimeJoined") 
VALUES (-105, -104, -179, '2024-01-16 23:39:59.017242');
INSERT INTO stakeholders."ClubMemberships" ("Id", "ClubId", "TouristId", "TimeJoined") 
VALUES (-106, -104, -181, '2024-01-16 23:40:53.807638');
INSERT INTO stakeholders."ClubMemberships" ("Id", "ClubId", "TouristId", "TimeJoined") 
VALUES (-107, -104, -180, '2024-01-16 23:42:07.208317');
INSERT INTO stakeholders."ClubMemberships" ("Id", "ClubId", "TouristId", "TimeJoined") 
VALUES (-108, -104, -177, '2024-01-16 23:43:09.930107');
INSERT INTO stakeholders."ClubMemberships" ("Id", "ClubId", "TouristId", "TimeJoined") 
VALUES (-109, -104, -178, '2024-01-16 23:43:21.857479');
INSERT INTO stakeholders."ClubMemberships" ("Id", "ClubId", "TouristId", "TimeJoined") 
VALUES (-110, -102, -176, '2024-01-16 23:43:55.591621');
INSERT INTO stakeholders."ClubMemberships" ("Id", "ClubId", "TouristId", "TimeJoined") 
VALUES (-111, -102, -183, '2024-01-16 23:44:10.910644');
INSERT INTO stakeholders."ClubMemberships" ("Id", "ClubId", "TouristId", "TimeJoined") 
VALUES (-112, -103, -175, '2024-01-16 23:44:23.767499');
INSERT INTO stakeholders."ClubMemberships" ("Id", "ClubId", "TouristId", "TimeJoined") 
VALUES (-113, -101, -181, '2024-01-16 23:45:04.268805');
INSERT INTO stakeholders."ClubMemberships" ("Id", "ClubId", "TouristId", "TimeJoined") 
VALUES (-114, -101, -179, '2024-01-16 23:17:00.202959');
INSERT INTO stakeholders."ClubMemberships" ("Id", "ClubId", "TouristId", "TimeJoined") 
VALUES (-115, -102, -183, '2024-01-16 23:17:00.202959');
INSERT INTO stakeholders."ClubMemberships" ("Id", "ClubId", "TouristId", "TimeJoined") 
VALUES (-116, -103, -181, '2024-01-16 23:17:00.202959');
INSERT INTO stakeholders."ClubMemberships" ("Id", "ClubId", "TouristId", "TimeJoined") 
VALUES (-117, -104, -3, '2024-01-16 23:17:00.202959');
